project_id,snapshot_date,planned_progress,actual_progress,planned_cost,actual_cost,committed_cost,earned_value,forecast_cost
PRJ-0001,2021-01-31,0.0013,0.0207,14234.9,219952.09,243247.84,221069.69,10618021.81
PRJ-0001,2021-02-28,0.0053,0.0419,56863.65,471247.85,521159.06,447402.96,11240749.09
PRJ-0001,2021-03-31,0.012,0.063,127658.8,685900.58,758546.28,672600.88,10882996.09
PRJ-0001,2021-04-30,0.0212,0.0848,226242.63,991519.8,1096534.5,905143.65,11690379.59
PRJ-0001,2021-05-31,0.033,0.1064,352089.16,1152268.16,1274308.18,1136000.83,10824794.04
PRJ-0001,2021-06-30,0.0473,0.1281,504526.94,1444388.04,1597367.32,1366806.72,11277725.22
PRJ-0001,2021-07-31,0.064,0.1508,682742.65,1670648.02,1847591.14,1609190.73,11079551.19
PRJ-0001,2021-08-31,0.083,0.1735,885785.43,2124974.14,2350036.24,1851868.92,12245827.5
PRJ-0001,2021-09-30,0.1043,0.1968,1112571.95,2215623.08,2450286.07,2100298.96,11257954.63
PRJ-0001,2021-10-31,0.1276,0.2206,1361892.23,2592382.78,2866949.47,2354601.34,11749691.69
PRJ-0001,2021-11-30,0.153,0.2416,1632416.01,2799115.31,3095577.64,2577899.08,11587763.12
PRJ-0001,2021-12-31,0.1802,0.2636,1922699.95,3026222.09,3346737.94,2812728.71,11482003.64
PRJ-0001,2022-01-31,0.2091,0.2866,2231195.24,3381100.57,3739202.62,3058064.41,11799298.56
PRJ-0001,2022-02-28,0.2395,0.3087,2556255.95,3616452.32,3999481.15,3294056.78,11716459.45
PRJ-0001,2022-03-31,0.2714,0.3308,2896147.72,3999486.01,4423083.03,3530385.15,12090014.58
PRJ-0001,2022-04-30,0.3044,0.3539,3249057.08,4141430.06,4580060.78,3776796.41,11702306.99
PRJ-0001,2022-05-31,0.3386,0.3771,3613101.12,4615961.2,5104850.87,4024008.66,12241875.89
PRJ-0001,2022-06-30,0.3735,0.398,3986337.5,4906554.69,5426221.95,4247670.56,12327373.28
PRJ-0001,2022-07-31,0.4092,0.42,4366774.84,5209817.66,5761604.38,4482073.13,12404758.56
PRJ-0001,2022-08-31,0.4453,0.4421,4752383.34,5501786.13,6084496.07,4717574.95,12445995.11
PRJ-0001,2022-09-30,0.4817,0.4639,5141105.62,6009279.01,6645738.97,4950787.74,12953668.9
PRJ-0001,2022-10-31,0.5183,0.4874,5530867.68,6299342.58,6966524.01,5201294.47,12924939.42
PRJ-0001,2022-11-30,0.5547,0.51,5919589.96,6382498.55,7058487.26,5443152.35,12513677.68
PRJ-0001,2022-12-31,0.5908,0.5334,6305198.46,6748536.4,7463293.23,5692267.59,12652286.48
PRJ-0001,2023-01-31,0.6265,0.5563,6685635.8,7106590.75,7859270.14,5937282.65,12773747.03
PRJ-0001,2023-02-28,0.6614,0.5801,7058872.18,7530336.5,8327896.02,6190718.43,12981296.26
PRJ-0001,2023-03-31,0.6956,0.6016,7422916.22,8080511.98,8936342.16,6420704.11,13430771.24
PRJ-0001,2023-04-30,0.7286,0.625,7775825.58,8488441.99,9387477.21,6670005.98,13581461.04
PRJ-0001,2023-05-31,0.7605,0.649,8115717.35,8751053.44,9677902.59,6926637.89,13482877.28
PRJ-0001,2023-06-30,0.7909,0.6721,8440778.06,8844365.77,9781097.89,7172294.25,13159922.34
PRJ-0001,2023-07-31,0.8198,0.6949,8749273.35,9438375.25,10438020.62,7416406.78,13581521.58
PRJ-0001,2023-08-31,0.847,0.7186,9039557.29,10273962.46,11362107.26,7669027.52,14296917.4
PRJ-0001,2023-09-30,0.8724,0.7415,9310081.07,10013466.48,11074021.4,7913281.9,13504314.42
PRJ-0001,2023-10-31,0.8957,0.7647,9559401.35,10214988.7,11296887.43,8160601.23,13358585.19
PRJ-0001,2023-11-30,0.917,0.7867,9786187.87,11532871.54,12754351.01,8396150.8,14658919.31
PRJ-0001,2023-12-31,0.936,0.8105,9989230.65,11153236.95,12334508.24,8649617.08,13760961.42
PRJ-0001,2024-01-31,0.9527,0.8336,10167446.36,11710207.91,12950469.59,8896366.07,14047423.99
PRJ-0001,2024-02-29,0.967,0.8574,10319884.14,12564446.88,13895183.45,9150554.72,14653476.84
PRJ-0001,2024-03-31,0.9788,0.8803,10445730.67,12657273.59,13997841.7,9394384.32,14378599.09
PRJ-0001,2024-04-30,0.988,0.9043,10544314.5,13624389.59,15067387.73,9650660.56,15066235.2
PRJ-0001,2024-05-31,0.9947,0.9276,10615109.65,13728936.33,15183007.31,9899183.84,14800699.15
PRJ-0001,2024-06-30,0.9987,0.9513,10657738.4,14093437.93,15586114.33,10152745.21,14814199.53
PRJ-0001,2024-07-31,1.0,0.9745,10671973.3,14041416.53,15528583.19,10399582.54,14409195.91
PRJ-0001,2024-08-31,1.0,0.9977,10671973.3,15091599.51,16689994.06,10646921.53,15127109.43
PRJ-0001,2024-09-30,1.0,1.0,10671973.3,15404123.9,17035618.81,10671973.3,15404123.9
PRJ-0002,2021-03-31,0.0013,0.0255,31291.46,525381.98,564223.87,599098.74,20572776.48
PRJ-0002,2021-04-30,0.0053,0.0511,124998.88,1052362.22,1130164.16,1198794.27,20593811.59
PRJ-0002,2021-05-31,0.012,0.0777,280622.29,1655233.37,1777606.03,1822078.22,21311222.35
PRJ-0002,2021-06-30,0.0212,0.1016,497331.38,2190841.84,2352812.44,2383918.58,21559354.44
PRJ-0002,2021-07-31,0.033,0.1262,773969.9,2726493.5,2928065.23,2959978.49,21608870.0
PRJ-0002,2021-08-31,0.0473,0.1513,1109061.88,3123022.55,3353909.99,3548319.11,20647553.28
PRJ-0002,2021-09-30,0.064,0.1773,1500819.45,3732961.18,4008941.84,4159557.49,21053411.92
PRJ-0002,2021-10-31,0.083,0.2038,1947152.41,4386911.3,4711238.99,4779873.58,21530721.75
PRJ-0002,2021-11-30,0.1043,0.2275,2445679.39,4769222.83,5121815.1,5337655.16,20961060.25
PRJ-0002,2021-12-31,0.1276,0.2511,2993740.52,5503377.01,5910245.86,5891295.02,21914655.07
PRJ-0002,2022-01-31,0.153,0.2763,3588411.67,6001609.93,6445313.52,6482770.92,21718170.35
PRJ-0002,2022-02-28,0.1802,0.301,4226520.01,6737821.2,7235953.44,7061839.94,22382972.29
PRJ-0002,2022-03-31,0.2091,0.3258,4904660.95,6992783.1,7509764.88,7643088.59,21463340.21
PRJ-0002,2022-04-30,0.2395,0.3506,5619216.32,7881416.22,8464095.31,8224071.97,22481925.6
PRJ-0002,2022-05-31,0.2714,0.3744,6366373.65,8460155.14,9085620.84,8783541.18,22595649.54
PRJ-0002,2022-06-30,0.3044,0.3994,7142146.54,8838843.66,9492306.1,9369081.29,22131690.61
PRJ-0002,2022-07-31,0.3386,0.4235,7942395.91,9965722.33,10702495.76,9934329.29,23533492.11
PRJ-0002,2022-08-31,0.3735,0.4484,8762852.07,10276635.67,11036395.16,10518784.64,22919310.15
PRJ-0002,2022-09-30,0.4092,0.4735,9599137.54,10852237.94,11654552.15,11106874.63,22921528.91
PRJ-0002,2022-10-31,0.4453,0.4973,10446790.37,11210977.54,12039813.64,11666748.9,22542899.61
PRJ-0002,2022-11-30,0.4817,0.5235,11301287.98,11695728.68,12560402.8,12280611.68,22342071.18
PRJ-0002,2022-12-31,0.5183,0.5481,12158071.23,12408221.52,13325570.78,12857346.63,22639890.97
PRJ-0002,2023-01-31,0.5547,0.5713,13012568.84,13439745.92,14433356.56,13402422.68,23524689.14
PRJ-0002,2023-02-28,0.5908,0.594,13860221.67,13209386.51,14185966.51,13934293.99,22238926.74
PRJ-0002,2023-03-31,0.6265,0.6194,14696507.14,14265680.46,15320353.07,14531491.48,23030239.03
PRJ-0002,2023-04-30,0.6614,0.6439,15516963.3,15578384.08,16730105.87,15105132.79,24194352.55
PRJ-0002,2023-05-31,0.6956,0.6681,16317212.67,15104548.96,16221239.76,15672204.51,22609648.79
PRJ-0002,2023-06-30,0.7286,0.6924,17092985.56,16554797.04,17778705.77,16244247.5,23907843.7
PRJ-0002,2023-07-31,0.7605,0.7155,17840142.89,16462927.52,17680044.27,16784596.39,23009771.66
PRJ-0002,2023-08-31,0.7909,0.7397,18554698.26,18301056.48,19654067.51,17351803.65,24742733.75
PRJ-0002,2023-09-30,0.8198,0.7632,19232839.2,18740624.34,20126132.95,17904261.64,24555217.47
PRJ-0002,2023-10-31,0.847,0.7873,19870947.54,18770028.54,20157711.03,18468921.94,23841827.01
PRJ-0002,2023-11-30,0.8724,0.8111,20465618.69,19176428.73,20594156.7,19026733.45,23643928.75
PRJ-0002,2023-12-31,0.8957,0.8352,21013679.82,20286810.08,21786629.38,19593301.97,24289707.04
PRJ-0002,2024-01-31,0.917,0.859,21512206.8,20133765.6,21622270.2,20151965.66,23438172.11
PRJ-0002,2024-02-29,0.936,0.8827,21958539.76,22583153.07,24252742.76,20706467.67,25585546.92
PRJ-0002,2024-03-31,0.9527,0.9059,22350297.33,22962808.81,24660466.74,21252642.31,25347096.73
PRJ-0002,2024-04-30,0.967,0.9287,22685389.31,23414481.32,25145531.74,21786701.88,25212110.17
PRJ-0002,2024-05-31,0.9788,0.9513,22962027.83,24171099.17,25958086.92,22316952.11,25408420.25
PRJ-0002,2024-06-30,0.988,0.9743,23178736.92,25149594.34,27008922.99,22855501.61,25814063.41
PRJ-0002,2024-07-31,0.9947,0.9985,23334360.33,24451680.34,26259411.66,23425292.66,24487239.53
PRJ-0002,2024-08-31,0.9987,1.0,23428067.75,25864026.26,27776173.39,23459359.21,25864026.26
PRJ-0003,2025-07-31,0.0024,0.0259,23273.58,228205.55,246349.16,250005.16,8823673.48
PRJ-0003,2025-08-31,0.0096,0.0516,92870.17,439871.8,474844.06,499066.23,8520010.47
PRJ-0003,2025-09-30,0.0215,0.0775,208119.53,695270.11,750547.96,749160.03,8971212.66
PRJ-0003,2025-10-31,0.0381,0.1041,367911.74,982856.52,1060999.1,1006422.87,9440213.52
PRJ-0003,2025-11-30,0.059,0.1299,570707.91,1211639.33,1307971.41,1255569.02,9328352.8
PRJ-0003,2025-12-31,0.0843,0.1566,814555.0,1483483.71,1601428.93,1514265.24,9470066.29
PRJ-0004,2022-10-31,0.0031,0.0308,89577.38,866568.5,884011.39,877316.19,28143433.52
PRJ-0004,2022-11-30,0.0125,0.0637,357183.04,1731885.78,1766746.39,1813904.02,27204156.82
PRJ-0004,2022-12-31,0.0281,0.0972,799451.68,2718772.32,2773497.67,2769274.58,27972877.8
PRJ-0004,2023-01-31,0.0495,0.1291,1410821.52,3629697.74,3702758.83,3677456.74,28122454.02
PRJ-0004,2023-02-28,0.0766,0.1597,2183604.22,4861138.04,4958986.42,4550717.17,30436060.34
PRJ-0004,2023-03-31,0.1091,0.192,3108081.6,5791393.85,5907967.08,5469732.82,30168055.34
PRJ-0004,2023-04-30,0.1464,0.2236,4172627.82,6638179.1,6771797.01,6370912.04,29687777.38
PRJ-0004,2023-05-31,0.1883,0.2555,5363855.58,7520234.09,7671606.62,7279146.2,29436166.14
PRJ-0004,2023-06-30,0.234,0.2879,6666784.51,8731555.42,8907310.27,8202693.92,30329512.95
PRJ-0004,2023-07-31,0.2831,0.3189,8065029.52,9795321.98,9992489.07,9084833.4,30720768.55
PRJ-0004,2023-08-31,0.3349,0.3496,9541006.88,10933468.12,11153544.61,9959752.43,31278054.16
PRJ-0004,2023-09-30,0.3887,0.3836,11076155.3,12000180.04,12241728.05,10930285.85,31281427.95
PRJ-0004,2023-10-31,0.444,0.4153,12651169.4,13434387.35,13704804.09,11832124.24,32350833.35
PRJ-0004,2023-11-30,0.5,0.4474,14246242.48,14078522.22,14361904.56,12748844.93,31464190.28
PRJ-0004,2023-12-31,0.556,0.4793,15841315.56,15472967.72,15784418.43,13655337.4,32285053.59
PRJ-0004,2024-01-31,0.6113,0.5113,17416329.66,16254019.99,16581192.27,14567462.57,31791220.88
PRJ-0004,2024-02-29,0.6651,0.5424,18951478.08,18118590.58,18483294.24,15454145.44,33404866.77
PRJ-0004,2024-03-31,0.7169,0.5741,20427455.44,19858789.1,20258520.7,16356981.89,34592338.23
PRJ-0004,2024-04-30,0.766,0.604,21825700.45,20677280.47,21093487.23,17208078.29,34236658.68
PRJ-0004,2024-05-31,0.8117,0.6326,23128629.38,21413495.01,21844520.81,18025419.54,33847960.26
PRJ-0004,2024-06-30,0.8536,0.6621,24319857.14,23499366.69,23972378.37,18864011.61,35493794.52
PRJ-0004,2024-07-31,0.8909,0.6922,25384403.36,24493511.1,24986533.62,19722975.03,35384164.7
PRJ-0004,2024-08-31,0.9234,0.7221,26308880.74,25902805.53,26424195.32,20575445.2,35869712.17
PRJ-0004,2024-09-30,0.9505,0.7523,27081663.44,27565050.35,28119898.96,21434072.78,36642442.65
PRJ-0004,2024-10-31,0.9719,0.7816,27693033.28,27727779.03,28285903.15,22268403.59,35477771.17
PRJ-0004,2024-11-30,0.9875,0.8093,28135301.92,30111939.17,30718053.33,23059582.4,37206396.84
PRJ-0004,2024-12-31,0.9969,0.8388,28402907.58,31026441.19,31650963.1,23898176.16,36991124.47
PRJ-0004,2025-01-31,1.0,0.867,28492484.96,33368222.52,34039881.43,24704174.93,38485137.88
PRJ-0004,2025-02-28,1.0,0.8967,28492484.96,33423029.17,34095791.27,25548931.81,37273775.79
PRJ-0004,2025-03-31,1.0,0.9267,28492484.96,37426598.33,38179947.07,26404441.1,40386266.31
PRJ-0004,2025-04-30,1.0,0.9558,28492484.96,36794254.63,37534875.11,27232414.79,38496760.37
PRJ-0004,2025-05-31,1.0,0.984,28492484.96,39485337.33,40280125.81,28036099.92,40128098.53
PRJ-0004,2025-06-30,1.0,1.0,28492484.96,41012674.08,41838205.86,28492484.96,41012674.08
PRJ-0005,2021-05-31,0.0018,0.0324,12744.2,248939.31,254702.2,229159.18,7685878.04
PRJ-0005,2021-06-30,0.0072,0.063,50884.99,493790.19,505221.34,445538.51,7841415.75
PRJ-0005,2021-07-31,0.0161,0.0936,114147.55,709166.81,725583.89,662469.75,7573900.89
PRJ-0005,2021-08-31,0.0286,0.1234,202076.07,966870.38,989253.25,873105.12,7834999.83
PRJ-0005,2021-09-30,0.0444,0.1529,314037.04,1246287.13,1275138.44,1082082.08,8148828.41
PRJ-0005,2021-10-31,0.0635,0.1841,449223.77,1488795.72,1523261.07,1302247.19,8088704.16
PRJ-0005,2021-11-30,0.0857,0.2124,606662.24,1628447.39,1666145.64,1502723.14,7667115.87
PRJ-0005,2021-12-31,0.111,0.2421,785218.09,1980744.84,2026598.72,1712548.31,8183196.32
PRJ-0005,2022-01-31,0.139,0.2737,983604.83,2258455.2,2310738.02,1936492.64,8251499.9
PRJ-0005,2022-02-28,0.1697,0.3039,1200393.09,2618022.3,2678629.03,2150191.23,8614568.39
PRJ-0005,2022-03-31,0.2027,0.3329,1434020.88,2815541.75,2880721.03,2355552.95,8456806.05
PRJ-0005,2022-04-30,0.2378,0.3636,1682804.93,3070097.5,3141169.69,2572478.95,8443793.55
PRJ-0005,2022-05-31,0.2749,0.3936,1944952.73,3388567.81,3467012.53,2784667.39,8609543.45
PRJ-0005,2022-06-30,0.3136,0.4225,2218575.51,3630285.36,3714325.8,2989181.79,8592621.96
PRJ-0005,2022-07-31,0.3536,0.453,2501701.8,3768030.18,3855259.38,3205266.07,8317399.38
PRJ-0005,2022-08-31,0.3947,0.4835,2792291.68,4412755.88,4514910.36,3420571.88,9127428.73
PRJ-0005,2022-09-30,0.4365,0.5139,3088251.44,4648294.68,4755901.85,3635648.35,9045843.11
PRJ-0005,2022-10-31,0.4788,0.5447,3387448.68,4922122.74,5036068.98,3853614.11,9036941.8
PRJ-0005,2022-11-30,0.5212,0.5741,3687727.67,5515812.66,5643502.71,4061962.81,9607509.74
PRJ-0005,2022-12-31,0.5635,0.6048,3986924.91,5367436.26,5491691.42,4279152.12,8874552.02
PRJ-0005,2023-01-31,0.6053,0.6354,4282884.67,5798177.57,5932404.31,4495392.96,9125593.5
PRJ-0005,2023-02-28,0.6464,0.6667,4573474.55,6258457.06,6403339.19,4717093.27,9387070.56
PRJ-0005,2023-03-31,0.6864,0.6966,4856600.84,6634382.91,6787967.65,4928415.59,9524243.28
PRJ-0005,2023-04-30,0.7251,0.7281,5130223.62,6949129.0,7110000.06,5151439.42,9544189.33
PRJ-0005,2023-05-31,0.7622,0.7593,5392371.42,7558199.83,7733170.77,5371935.68,9954623.41
PRJ-0005,2023-06-30,0.7973,0.7897,5641155.47,7863911.75,8045959.86,5587083.25,9958427.3
PRJ-0005,2023-07-31,0.8303,0.8202,5874783.26,7934194.34,8117869.48,5803201.7,9673250.57
PRJ-0005,2023-08-31,0.861,0.8489,6091571.52,8668061.39,8868725.41,6006254.34,10210700.29
PRJ-0005,2023-09-30,0.889,0.8795,6289958.26,9478011.16,9697425.37,6222420.35,10776931.91
PRJ-0005,2023-10-31,0.9143,0.9106,6468514.11,9704513.51,9929171.21,6443000.63,10656703.05
PRJ-0005,2023-11-30,0.9365,0.941,6625952.58,9353012.81,9569533.33,6657783.62,9939376.04
PRJ-0005,2023-12-31,0.9556,0.9725,6761139.31,10157491.83,10392635.9,6880513.17,10444867.15
PRJ-0005,2024-01-31,0.9714,1.0,6873100.28,10818913.7,11069369.56,7075176.35,10818913.7
PRJ-0006,2021-04-30,0.0029,0.0365,14788.94,168181.07,184887.79,184368.03,4602668.44
PRJ-0006,2021-05-31,0.0117,0.0702,58982.39,343664.5,377803.34,354091.84,4897077.37
PRJ-0006,2021-06-30,0.0262,0.1051,132062.22,503412.52,553420.36,530390.94,4789014.11
PRJ-0006,2021-07-31,0.0462,0.1379,233171.62,658936.53,724393.76,695977.0,4777128.23
PRJ-0006,2021-08-31,0.0716,0.1719,361125.19,826028.98,908084.79,867321.6,4805441.83
PRJ-0006,2021-09-30,0.102,0.2065,514422.79,1028036.21,1130158.96,1042080.37,4977661.97
PRJ-0006,2021-10-31,0.137,0.2413,691267.14,1208101.63,1328111.66,1217540.85,5006545.1
PRJ-0006,2021-11-30,0.1763,0.2749,889584.91,1390011.79,1528092.35,1387142.82,5056098.27
PRJ-0006,2021-12-31,0.2194,0.3101,1107050.99,1573593.76,1729910.94,1564611.78,5074628.21
PRJ-0006,2022-01-31,0.2658,0.3455,1341115.81,1686679.55,1854230.4,1743045.35,4882498.23
PRJ-0006,2022-02-28,0.3149,0.3786,1589035.16,2098967.95,2307474.59,1910163.59,5544385.85
PRJ-0006,2022-03-31,0.3662,0.4135,1847902.41,2171826.72,2387570.97,2086293.87,5252522.11
PRJ-0006,2022-04-30,0.4191,0.4464,2114682.59,2385365.18,2622321.85,2252155.21,5344102.26
PRJ-0006,2022-05-31,0.4729,0.4796,2386247.94,2473755.38,2719492.53,2420076.76,5157578.08
PRJ-0006,2022-06-30,0.5271,0.5135,2659414.6,2674886.47,2940603.53,2590702.38,5209619.81
PRJ-0006,2022-07-31,0.5809,0.5476,2930979.95,2993552.99,3290925.63,2762777.2,5467128.57
PRJ-0006,2022-08-31,0.6338,0.5807,3197760.13,3133354.21,3444614.39,2929939.04,5395964.81
PRJ-0006,2022-09-30,0.6851,0.615,3456627.38,3310686.1,3639562.02,3103124.96,5383155.71
PRJ-0006,2022-10-31,0.7342,0.6482,3704546.73,3591929.47,3948743.46,3270367.61,5541781.88
PRJ-0006,2022-11-30,0.7806,0.6821,3938611.55,3869956.09,4254388.6,3441728.1,5673455.86
PRJ-0006,2022-12-31,0.8237,0.7142,4156077.63,4138322.97,4549414.43,3603820.33,5794012.82
PRJ-0006,2023-01-31,0.863,0.7472,4354395.4,4214462.01,4633116.95,3770282.64,5640095.22
PRJ-0006,2023-02-28,0.898,0.7817,4531239.75,4699813.9,5166682.57,3944278.7,6012170.22
PRJ-0006,2023-03-31,0.9284,0.8142,4684537.35,4949966.15,5441684.37,4108289.62,6079381.22
PRJ-0006,2023-04-30,0.9538,0.8481,4812490.92,5232291.59,5752055.37,4279270.83,6169363.6
PRJ-0006,2023-05-31,0.9738,0.8807,4913600.32,5616480.43,6174408.64,4443565.05,6377506.48
PRJ-0006,2023-06-30,0.9883,0.9141,4986680.15,5694320.95,6259981.66,4612329.76,6229307.84
PRJ-0006,2023-07-31,0.9971,0.9463,5030873.6,5961056.55,6553214.16,4774861.57,6299131.26
PRJ-0006,2023-08-31,1.0,0.9803,5045662.54,6349840.05,6980618.52,4946394.0,6477274.16
PRJ-0006,2023-09-30,1.0,1.0,5045662.54,6157388.87,6769049.68,5045662.54,6157388.87
PRJ-0007,2021-10-31,0.0018,0.0311,31221.35,410621.4,439329.47,538914.93,13206800.75
PRJ-0007,2021-11-30,0.0072,0.0625,124660.44,842210.63,901092.73,1082887.66,13480735.21
PRJ-0007,2021-12-31,0.0161,0.0933,279644.04,1246277.65,1333409.58,1616795.84,13360905.34
PRJ-0007,2022-01-31,0.0286,0.1253,495055.5,1680677.33,1798179.76,2172410.85,13409687.01
PRJ-0007,2022-02-28,0.0444,0.1555,769342.76,2095405.18,2241902.79,2695506.64,13474227.32
PRJ-0007,2022-03-31,0.0635,0.1864,1100529.59,2638365.95,2822823.97,3230709.08,14155116.36
PRJ-0007,2022-04-30,0.0857,0.2174,1486229.77,3011095.43,3221612.36,3769038.75,13847461.9
PRJ-0007,2022-05-31,0.111,0.2491,1923664.32,3553710.08,3802163.23,4317820.31,14265719.89
PRJ-0007,2022-06-30,0.139,0.281,2409681.52,4009261.45,4289563.89,4871255.25,14265918.97
PRJ-0007,2022-07-31,0.1697,0.3119,2940779.61,4556595.78,4875164.42,5405341.86,14611459.55
PRJ-0007,2022-08-31,0.2027,0.3435,3513132.0,4989145.51,5337955.31,5953722.88,14524922.27
PRJ-0007,2022-09-30,0.2378,0.3737,4122614.9,5363204.4,5738166.06,6477483.91,14351399.97
PRJ-0007,2022-10-31,0.2749,0.4047,4764836.95,5761316.26,6164111.41,7014302.95,14236835.25
PRJ-0007,2022-11-30,0.3136,0.4349,5435170.94,6457595.23,6909069.84,7538630.83,14847543.46
PRJ-0007,2022-12-31,0.3536,0.4658,6128787.09,7083616.22,7578858.3,8073315.33,15208254.47
PRJ-0007,2023-01-31,0.3947,0.4968,6840687.88,7214809.76,7719224.07,8611472.48,14521909.58
PRJ-0007,2023-02-28,0.4365,0.5284,7565744.05,8150394.87,8720219.42,9158962.4,15424412.66
PRJ-0007,2023-03-31,0.4788,0.5584,8298731.56,8864423.37,9484168.32,9679214.68,15874009.28
PRJ-0007,2023-04-30,0.5212,0.5895,9034369.22,9233940.09,9879519.34,10218103.44,15663651.79
PRJ-0007,2023-05-31,0.5635,0.6209,9767356.73,10153309.25,10863165.03,10761859.36,16352967.15
PRJ-0007,2023-06-30,0.6053,0.6524,10492412.9,10044837.71,10747109.84,11307952.14,15396968.62
PRJ-0007,2023-07-31,0.6464,0.6853,11204313.69,11288758.64,12077997.93,11878617.16,16472388.03
PRJ-0007,2023-08-31,0.6864,0.7163,11897929.84,11620680.55,12433125.73,12415688.89,16223217.96
PRJ-0007,2023-09-30,0.7251,0.7481,12568263.83,12309661.92,13170276.37,12966547.79,16455005.14
PRJ-0007,2023-10-31,0.7622,0.7811,13210485.88,12602774.61,13483881.66,13539477.61,16133943.17
PRJ-0007,2023-11-30,0.7973,0.8128,13819968.78,12797130.89,13691826.12,14087511.01,15745432.91
PRJ-0007,2023-12-31,0.8303,0.8445,14392321.17,13731169.17,14691166.51,14637526.12,16259833.6
PRJ-0007,2024-01-31,0.861,0.8756,14923419.26,14907964.69,15950236.19,15177691.71,17025069.37
PRJ-0007,2024-02-29,0.889,0.907,15409436.46,14477302.05,15489464.32,15720307.55,15962571.65
PRJ-0007,2024-03-31,0.9143,0.9393,15846871.01,16225239.01,17359606.08,16280874.27,17273869.83
PRJ-0007,2024-04-30,0.9365,0.9704,16232571.19,16684490.05,17850965.08,16819299.35,17194173.29
PRJ-0007,2024-05-31,0.9556,1.0,16563758.02,18238151.11,19513248.38,17333100.78,18238151.11
PRJ-0008,2021-03-31,0.002,0.0332,43967.67,650510.49,668391.81,725024.16,19598516.63
PRJ-0008,2021-04-30,0.008,0.0685,175516.67,1428347.21,1467609.81,1495440.85,20863440.46
PRJ-0008,2021-05-31,0.018,0.1015,393587.86,2193430.45,2253723.77,2217094.64,21610310.9
PRJ-0008,2021-06-30,0.0319,0.1352,696425.44,2813685.46,2891028.43,2952226.7,20818393.87
PRJ-0008,2021-07-31,0.0495,0.1694,1081591.15,3483065.7,3578808.69,3700074.93,20562339.54
PRJ-0008,2021-08-31,0.0708,0.2028,1545983.87,4222269.78,4338332.1,4428838.3,20824641.44
PRJ-0008,2021-09-30,0.0955,0.2357,2085864.57,4930665.34,5066200.14,5147574.27,20923015.82
PRJ-0008,2021-10-31,0.1235,0.2687,2696886.45,5657426.75,5812938.87,5869325.68,21054847.93
PRJ-0008,2021-11-30,0.1545,0.3025,3374129.92,6459511.35,6637071.28,6607054.96,21355666.24
PRJ-0008,2021-12-31,0.1883,0.3366,4112142.22,7520187.51,7726903.45,7351968.0,22343254.88
PRJ-0008,2022-01-31,0.2246,0.3691,4904981.31,8043299.1,8264394.4,8061460.83,21794246.03
PRJ-0008,2022-02-28,0.2631,0.4012,5746263.71,8834382.19,9077222.89,8763264.17,22020727.27
PRJ-0008,2022-03-31,0.3035,0.4342,6629215.91,9251535.93,9505843.42,9484469.8,21306992.86
PRJ-0008,2022-04-30,0.3455,0.4676,7546728.9,10099410.95,10377024.94,10214752.57,21596808.21
PRJ-0008,2022-05-31,0.3887,0.5012,8491415.4,11513947.87,11830444.84,10947409.24,22973876.6
PRJ-0008,2022-06-30,0.4329,0.5345,9455669.35,11979690.26,12308989.62,11676315.53,22410995.33
PRJ-0008,2022-07-31,0.4776,0.5688,10431727.16,13056163.9,13415053.52,12424456.57,22954063.0
PRJ-0008,2022-08-31,0.5224,0.6006,11411730.16,14371218.89,14766256.91,13118801.62,23928794.38
PRJ-0008,2022-09-30,0.5671,0.6335,12387787.97,15446424.89,15871018.33,13837275.84,24383652.31
PRJ-0008,2022-10-31,0.6113,0.6682,13352041.92,15242059.98,15661035.8,14594865.45,22812083.32
PRJ-0008,2022-11-30,0.6545,0.7007,14296728.42,16716716.45,17176227.83,15306338.11,23856188.17
PRJ-0008,2022-12-31,0.6965,0.7347,15214241.41,17620203.06,18104549.61,16048356.09,23982902.14
PRJ-0008,2023-01-31,0.7369,0.7669,16097193.61,18348777.19,18853150.88,16751454.71,23926323.92
PRJ-0008,2023-02-28,0.7754,0.8,16938476.01,18646214.62,19158764.32,17475147.91,23307258.71
PRJ-0008,2023-03-31,0.8117,0.834,17731315.1,19380052.09,19912773.61,18218429.71,23236214.51
PRJ-0008,2023-04-30,0.8455,0.867,18469327.4,20291577.09,20849354.73,18938789.95,23403723.22
PRJ-0008,2023-05-31,0.8765,0.8994,19146570.87,22669231.91,23292366.85,19645966.9,25204888.22
PRJ-0008,2023-06-30,0.9045,0.9317,19757592.75,23417746.88,24061457.11,20352535.69,25133210.05
PRJ-0008,2023-07-31,0.9292,0.9641,20297473.45,24421191.95,25092485.0,21059231.68,25330613.77
PRJ-0008,2023-08-31,0.9505,0.9966,20761866.17,24665334.29,25343338.37,21768521.3,24750242.31
PRJ-0008,2023-09-30,0.9681,1.0,21147031.88,26262697.22,26984609.83,21843457.32,26262697.22
PRJ-0009,2021-05-31,0.0015,0.0201,38495.45,470328.06,507630.79,501033.96,23444805.33
PRJ-0009,2021-06-30,0.0062,0.0416,153744.47,969543.47,1046440.05,1039199.41,23301361.52
PRJ-0009,2021-07-31,0.0138,0.062,345036.5,1423669.57,1536583.87,1548124.27,22967635.54
PRJ-0009,2021-08-31,0.0245,0.0836,611192.18,1964330.64,2120125.93,2087194.19,23505237.28
PRJ-0009,2021-09-30,0.0381,0.1038,950570.55,2437554.03,2630881.68,2591727.0,23489723.32
PRJ-0009,2021-10-31,0.0545,0.1244,1361079.24,2974634.84,3210559.53,3105846.06,23920300.88
PRJ-0009,2021-11-30,0.0737,0.1447,1840187.33,3391399.8,3660379.01,3613403.21,23440964.06
PRJ-0009,2021-12-31,0.0955,0.1655,2384940.96,3899242.05,4208499.32,4133905.72,23557680.76
PRJ-0009,2022-01-31,0.1198,0.1871,2991981.53,4504294.5,4861539.78,4673425.72,24071565.61
PRJ-0009,2022-02-28,0.1464,0.2073,3657566.45,4966680.29,5360598.38,5177093.79,23960345.49
PRJ-0009,2022-03-31,0.1753,0.2281,4377592.16,5323565.73,5745789.17,5697638.26,23335690.26
PRJ-0009,2022-04-30,0.2061,0.2488,5147619.46,6117074.41,6602232.73,6213935.47,24586116.1
PRJ-0009,2022-05-31,0.2388,0.2694,5962900.87,6805580.29,7345345.49,6728530.72,25261423.87
PRJ-0009,2022-06-30,0.273,0.2895,6818409.92,7301578.55,7880682.44,7231504.97,25217438.88
PRJ-0009,2022-07-31,0.3087,0.3102,7708872.11,9087073.87,9807789.23,7747755.88,29292809.95
PRJ-0009,2022-08-31,0.3455,0.3307,8628797.45,9977054.32,10768355.94,8258696.27,30171975.47
PRJ-0009,2022-09-30,0.3833,0.3506,9572514.28,10752480.66,11605283.02,8756395.58,30668758.87
PRJ-0009,2022-10-31,0.4218,0.372,10534204.28,11202040.59,12090498.51,9290001.17,30115791.17
PRJ-0009,2022-11-30,0.4608,0.3928,11507938.31,11624086.09,12546017.35,9809277.96,29596113.24
PRJ-0009,2022-12-31,0.5,0.413,12487712.98,14088932.04,15206355.54,10314789.11,34113841.34
PRJ-0009,2023-01-31,0.5392,0.4324,13467487.65,14961655.51,16148296.58,10798520.83,34604157.86
PRJ-0009,2023-02-28,0.5782,0.4536,14441221.68,15344261.26,16561247.61,11328052.79,33830126.68
PRJ-0009,2023-03-31,0.6167,0.4743,15402911.68,15651877.46,16893261.51,11844952.57,33002437.47
PRJ-0009,2023-04-30,0.6545,0.4938,16346628.51,16603866.93,17920755.32,12331745.17,33627734.23
PRJ-0009,2023-05-31,0.6913,0.5135,17266553.85,17836170.86,19250795.92,12825743.36,34732175.13
PRJ-0009,2023-06-30,0.727,0.5331,18157016.04,17880271.89,19298394.69,13314090.76,33540961.58
PRJ-0009,2023-07-31,0.7612,0.5524,19012525.09,18873851.75,20370777.51,13795231.54,34169958.33
PRJ-0009,2023-08-31,0.7939,0.5718,19827806.5,18608771.74,20084673.43,14281139.16,32543762.49
PRJ-0009,2023-09-30,0.8247,0.59,20597833.8,19830834.18,21403660.28,14734606.25,33613625.14
PRJ-0009,2023-10-31,0.8536,0.6093,21317859.51,20989367.63,22654079.5,15216349.17,34450996.84
PRJ-0009,2023-11-30,0.8802,0.6285,21983444.43,21100408.15,22773926.89,15696299.15,33574263.37
PRJ-0009,2023-12-31,0.9045,0.6484,22590485.0,22043505.63,23791823.45,16193692.29,33997554.9
PRJ-0009,2024-01-31,0.9263,0.6685,23135238.63,22296025.3,24064371.0,16696649.39,33351166.2
PRJ-0009,2024-02-29,0.9455,0.6884,23614346.72,23966299.05,25867117.76,17193096.4,34814469.35
PRJ-0009,2024-03-31,0.9619,0.708,24024855.41,24215192.11,26135751.05,17682179.72,34203064.72
PRJ-0009,2024-04-30,0.9755,0.7265,24364233.78,26149366.83,28223329.33,18145389.99,35992148.73
PRJ-0009,2024-05-31,0.9862,0.7441,24630389.46,25946937.44,28004844.83,18584655.2,34869402.08
PRJ-0009,2024-06-30,0.9938,0.7634,24821681.49,27490725.89,29671074.46,19066059.59,36011247.4
PRJ-0009,2024-07-31,0.9985,0.7832,24936930.51,27463307.34,29641481.29,19560141.72,35066606.83
PRJ-0009,2024-08-31,1.0,0.8031,24975425.96,28110778.93,30340305.24,20058574.04,35001425.15
PRJ-0009,2024-09-30,1.0,0.8212,24975425.96,28780040.97,31062647.89,20510421.55,35045295.41
PRJ-0009,2024-10-31,1.0,0.8406,24975425.96,30239972.72,32638369.97,20993462.05,35975781.31
PRJ-0009,2024-11-30,1.0,0.8583,24975425.96,30554628.23,32977981.49,21435604.32,35600342.48
PRJ-0009,2024-12-31,1.0,0.8762,24975425.96,30641863.73,33072135.82,21884678.52,34969378.15
PRJ-0009,2025-01-31,1.0,0.8946,24975425.96,31048478.11,33510999.67,22343539.72,34705734.91
PRJ-0009,2025-02-28,1.0,0.9117,24975425.96,33011975.28,35630226.01,22768905.8,36211144.77
PRJ-0009,2025-03-31,1.0,0.9313,24975425.96,34781518.39,37540115.39,23259502.14,37347456.19
PRJ-0009,2025-04-30,1.0,0.9497,24975425.96,35301255.39,38101073.85,23719008.29,37171195.34
PRJ-0009,2025-05-31,1.0,0.9676,24975425.96,35651489.48,38479085.76,24167355.14,36843549.11
PRJ-0009,2025-06-30,1.0,0.9851,24975425.96,36811343.51,39730930.31,24602911.41,37368706.86
PRJ-0009,2025-07-31,1.0,1.0,24975425.96,37663518.71,40650693.36,24975425.96,37663518.71
PRJ-0010,2023-09-30,0.0125,0.0838,178679.37,1179967.29,1204714.49,1195031.15,14073581.78
PRJ-0010,2023-10-31,0.0495,0.1713,705757.73,2535106.85,2588275.11,2441422.4,14800188.37
PRJ-0010,2023-11-30,0.1091,0.2543,1554805.2,4012033.06,4096176.59,3624491.31,15777251.13
PRJ-0010,2023-12-31,0.1883,0.3411,2683246.96,5310513.3,5421889.58,4862247.03,15567303.05
PRJ-0010,2024-01-31,0.2831,0.4284,4034498.26,6652563.02,6792085.83,6105987.07,15529126.06
PRJ-0010,2024-02-29,0.3887,0.5119,5540801.69,7648263.93,7808669.36,7295859.19,14941710.62
PRJ-0010,2024-03-31,0.5,0.596,7126624.93,8994948.87,9183598.04,8495578.56,15091056.23
PRJ-0010,2024-04-30,0.6113,0.678,8712448.17,10362582.55,10579914.81,9663370.05,15284572.3
PRJ-0010,2024-05-31,0.7169,0.7653,10218751.6,11684440.89,11929496.21,10907837.25,15268036.34
PRJ-0010,2024-06-30,0.8117,0.8521,11570002.9,13469049.92,13751533.47,12144859.1,15807324.93
PRJ-0010,2024-07-31,0.8909,0.9358,12698444.66,13987140.0,14280489.34,13338425.68,14946456.66
PRJ-0010,2024-08-31,0.9505,1.0,13547492.13,15245350.26,15565087.78,14253249.86,15245350.26
PRJ-0011,2021-07-31,0.0031,0.0315,14770.19,142321.29,151924.27,147827.1,4523076.74
PRJ-0011,2021-08-31,0.0125,0.0612,58895.03,288752.37,308235.65,287701.2,4715220.8
PRJ-0011,2021-09-30,0.0281,0.0917,131819.62,532859.76,568813.95,430976.17,5808684.95
PRJ-0011,2021-10-31,0.0495,0.1214,232626.89,642180.03,685510.49,570303.66,5290159.81
PRJ-0011,2021-11-30,0.0766,0.1519,360049.12,812566.68,867393.81,713609.07,5349544.51
PRJ-0011,2021-12-31,0.1091,0.1818,512483.92,946797.36,1010681.58,853909.04,5209110.7
PRJ-0011,2022-01-31,0.1464,0.2121,688014.32,1129096.65,1205281.33,996584.12,5322740.77
PRJ-0011,2022-02-28,0.1883,0.2431,884432.93,1237891.42,1321416.92,1142152.63,5091861.31
PRJ-0011,2022-03-31,0.234,0.273,1099269.68,1464578.32,1563399.29,1282461.25,5365207.31
PRJ-0011,2022-04-30,0.2831,0.3008,1329822.85,1599470.56,1707393.25,1413281.61,5316988.26
PRJ-0011,2022-05-31,0.3349,0.3296,1573193.12,1823194.44,1946212.68,1548599.52,5531106.56
PRJ-0011,2022-06-30,0.3887,0.3587,1826319.96,1848325.06,1973038.97,1685157.91,5152949.75
PRJ-0011,2022-07-31,0.444,0.3876,2086020.16,2102019.35,2243851.02,1821184.2,5422517.88
PRJ-0011,2022-08-31,0.5,0.4149,2349027.83,2204596.52,2353349.49,1949366.25,5313171.49
PRJ-0011,2022-09-30,0.556,0.4427,2612035.5,2352711.43,2511458.31,2079831.6,5314453.95
PRJ-0011,2022-10-31,0.6113,0.4711,2871735.7,2474618.65,2641591.09,2213153.72,5253090.21
PRJ-0011,2022-11-30,0.6651,0.4974,3124862.54,2682973.93,2864004.94,2336804.55,5394015.87
PRJ-0011,2022-12-31,0.7169,0.5243,3368232.81,2868587.25,3062142.34,2463380.72,5470848.43
PRJ-0011,2023-01-31,0.766,0.5524,3598785.98,2963073.09,3163003.52,2595193.86,5364024.07
PRJ-0011,2023-02-28,0.8117,0.5808,3813622.73,3182394.73,3397123.67,2728751.37,5479087.52
PRJ-0011,2023-03-31,0.8536,0.6074,4010041.34,3413595.02,3643923.97,2853772.1,5619670.69
PRJ-0011,2023-04-30,0.8909,0.6321,4185571.74,3440450.36,3672591.34,2969670.74,5442834.81
PRJ-0011,2023-05-31,0.9234,0.6581,4338006.54,3685035.58,3933679.71,3091737.43,5599603.02
PRJ-0011,2023-06-30,0.9505,0.6849,4465428.77,4042243.49,4314989.87,3217898.5,5901579.84
PRJ-0011,2023-07-31,0.9719,0.7099,4566236.04,3923683.58,4188430.25,3335050.22,5527258.26
PRJ-0011,2023-08-31,0.9875,0.7359,4639160.63,4320382.19,4611895.71,3457367.91,5870765.43
PRJ-0011,2023-09-30,0.9969,0.7613,4683285.47,4305381.59,4595882.95,3576643.92,5655279.86
PRJ-0011,2023-10-31,1.0,0.7876,4698055.66,4792033.09,5115370.79,3700315.16,6084140.74
PRJ-0011,2023-11-30,1.0,0.8145,4698055.66,4677752.54,4993379.27,3826566.03,5743097.5
PRJ-0011,2023-12-31,1.0,0.8393,4698055.66,5140928.92,5487808.02,3942879.26,6125566.78
PRJ-0011,2024-01-31,1.0,0.8651,4698055.66,5110255.86,5455065.32,4064321.73,5907078.24
PRJ-0011,2024-02-29,1.0,0.8881,4698055.66,5392531.32,5756387.04,4172176.94,6072228.63
PRJ-0011,2024-03-31,1.0,0.9157,4698055.66,5573678.8,5949757.27,4302162.42,6086579.41
PRJ-0011,2024-04-30,1.0,0.9391,4698055.66,5929599.0,6329692.83,4411733.34,6314431.08
PRJ-0011,2024-05-31,1.0,0.9649,4698055.66,5844593.91,6238952.1,4533015.41,6057386.75
PRJ-0011,2024-06-30,1.0,0.9901,4698055.66,6140066.35,6554361.26,4651518.16,6201496.48
PRJ-0011,2024-07-31,1.0,1.0,4698055.66,6435916.08,6870173.15,4698055.66,6435916.08
PRJ-0012,2021-01-31,0.0012,0.0241,13527.19,306162.83,331063.94,267348.01,12718764.58
PRJ-0012,2021-02-28,0.0049,0.049,54042.88,629151.53,680322.24,544179.7,12840511.75
PRJ-0012,2021-03-31,0.0109,0.0726,121349.65,949508.07,1026734.31,806595.69,13074111.29
PRJ-0012,2021-04-30,0.0194,0.0956,215119.62,1357456.63,1467862.51,1061682.23,14200408.19
PRJ-0012,2021-05-31,0.0302,0.1203,334895.93,1625901.24,1758140.5,1335788.32,13518420.05
PRJ-0012,2021-06-30,0.0432,0.1443,480095.06,1900163.75,2054709.57,1602255.03,13171304.78
PRJ-0012,2021-07-31,0.0585,0.1694,650009.6,2269592.65,2454185.2,1881452.7,13397508.08
PRJ-0012,2021-08-31,0.076,0.1949,843811.74,2634923.99,2849229.99,2165034.09,13516765.15
PRJ-0012,2021-09-30,0.0955,0.2194,1060557.31,3012284.12,3257281.91,2437028.92,13727917.6
PRJ-0012,2021-10-31,0.117,0.2429,1299190.34,3291164.73,3558844.69,2697719.67,13549467.18
PRJ-0012,2021-11-30,0.1403,0.2656,1558548.24,3801622.66,4110819.64,2950273.39,14311203.59
PRJ-0012,2021-12-31,0.1654,0.2901,1837367.43,4217022.53,4560005.19,3221555.24,14538170.34
PRJ-0012,2022-01-31,0.1922,0.3142,2134289.55,4265871.2,4612826.86,3489774.05,13576250.55
PRJ-0012,2022-02-28,0.2204,0.3394,2447868.01,5023517.85,5432095.1,3769963.79,14799266.29
PRJ-0012,2022-03-31,0.25,0.3637,2776575.09,5544205.72,5995132.03,4038953.99,15245435.87
PRJ-0012,2022-04-30,0.2808,0.3887,3118809.37,5800028.56,6271761.68,4317092.49,14921352.6
PRJ-0012,2022-05-31,0.3127,0.412,3472903.51,6143901.88,6643603.21,4575902.6,14912034.99
PRJ-0012,2022-06-30,0.3455,0.437,3837132.4,6406750.03,6927829.57,4852974.73,14662200.84
PRJ-0012,2022-07-31,0.379,0.4616,4209721.56,7114813.71,7693482.11,5126705.07,15413263.87
PRJ-0012,2022-08-31,0.4132,0.4877,4588855.77,7488897.99,8097991.75,5416136.88,15356692.83
PRJ-0012,2022-09-30,0.4477,0.5129,4972687.93,8079412.86,8736534.91,5696641.4,15751805.27
PRJ-0012,2022-10-31,0.4826,0.5382,5359348.03,8808516.21,9524938.35,5977377.99,16366712.46
PRJ-0012,2022-11-30,0.5174,0.5627,5746952.33,9218167.99,9967908.29,6250036.74,16380662.5
PRJ-0012,2022-12-31,0.5523,0.5872,6133612.43,8980467.85,9710875.3,6522089.02,15292611.46
PRJ-0012,2023-01-31,0.5868,0.6118,6517444.59,9609302.19,10390854.57,6794538.49,15707291.47
PRJ-0012,2023-02-28,0.621,0.6378,6896578.8,10370462.39,11213922.13,7083207.5,16260637.59
PRJ-0012,2023-03-31,0.6545,0.6634,7269167.96,10929850.87,11818807.3,7368452.06,16474315.86
PRJ-0012,2023-04-30,0.6873,0.6886,7633396.85,11380888.58,12306529.21,7647652.32,16527891.39
PRJ-0012,2023-05-31,0.7192,0.7149,7987490.99,12472399.45,13486815.82,7940065.36,17445979.12
PRJ-0012,2023-06-30,0.75,0.7394,8329725.27,13184527.11,14256862.88,8212204.64,17830938.77
PRJ-0012,2023-07-31,0.7796,0.7653,8658432.35,12836931.72,13880996.56,8499260.61,16774496.74
PRJ-0012,2023-08-31,0.8078,0.7901,8972010.81,14888041.38,16098928.9,8775428.94,18842504.51
PRJ-0012,2023-09-30,0.8346,0.8149,9268932.93,14140710.54,15290815.48,9051029.19,17351726.01
PRJ-0012,2023-10-31,0.8597,0.8402,9547752.12,14871914.77,16081490.67,9331583.07,17700314.2
PRJ-0012,2023-11-30,0.883,0.8652,9807110.02,15033235.15,16255931.71,9609207.67,17375378.98
PRJ-0012,2023-12-31,0.9045,0.8908,10045743.05,15840145.72,17128470.65,9893699.9,17781559.77
PRJ-0012,2024-01-31,0.924,0.9164,10262488.62,16493164.11,17834600.91,10177280.46,17998721.29
PRJ-0012,2024-02-29,0.9415,0.9421,10456290.76,18385618.72,19880974.34,10463530.25,19515039.29
PRJ-0012,2024-03-31,0.9568,0.9679,10626205.3,18026952.13,19493136.35,10749598.54,18625136.94
PRJ-0012,2024-04-30,0.9698,0.9942,10771404.43,18935776.99,20475878.57,11041909.13,19046201.55
PRJ-0012,2024-05-31,0.9806,1.0,10891180.74,20059680.65,21691192.57,11106300.36,20059680.65
PRJ-0013,2021-03-31,0.0014,0.0167,22522.31,292668.03,329524.85,269238.24,17511072.75
PRJ-0013,2021-04-30,0.0056,0.0336,89963.28,617016.42,694719.69,541797.19,18345695.35
PRJ-0013,2021-05-31,0.0125,0.0498,201945.75,949074.09,1068594.67,802483.63,19051893.31
PRJ-0013,2021-06-30,0.0222,0.0646,357843.47,1173485.42,1321266.99,1039994.97,18176935.41
PRJ-0013,2021-07-31,0.0346,0.0832,556784.6,1901884.8,2141396.51,1339818.88,22867164.56
PRJ-0013,2021-08-31,0.0495,0.0994,797656.58,2890364.95,3254359.81,1601408.96,29075328.7
PRJ-0013,2021-09-30,0.067,0.1153,1079112.36,3290828.86,3705255.68,1857123.01,28545577.31
PRJ-0013,2021-10-31,0.0869,0.1313,1399577.92,3545055.51,3991498.08,2115630.73,26993386.9
PRJ-0013,2021-11-30,0.1091,0.1481,1757261.08,3849876.19,4334706.01,2385537.94,25997682.8
PRJ-0013,2021-12-31,0.1335,0.1654,2150161.54,4259677.25,4796114.9,2664896.16,25749607.15
PRJ-0013,2022-01-31,0.1599,0.1823,2576082.04,4702127.38,5294284.49,2936759.77,25792899.88
PRJ-0013,2022-02-28,0.1883,0.1982,3032640.66,5112022.46,5755799.24,3192456.44,25795382.89
PRJ-0013,2022-03-31,0.2183,0.2155,3517284.14,5367722.42,6043700.49,3470814.45,24913391.75
PRJ-0013,2022-04-30,0.25,0.2309,4027302.15,5691330.61,6408061.92,3719891.84,24646639.22
PRJ-0013,2022-05-31,0.2831,0.2468,4559842.47,5826217.05,6559935.13,3975849.93,23606460.9
PRJ-0013,2022-06-30,0.3173,0.2632,5111926.91,6328900.93,7125923.94,4239237.59,24049981.43
PRJ-0013,2022-07-31,0.3526,0.2807,5680468.0,6999908.37,7881433.94,4521535.93,24939088.39
PRJ-0013,2022-08-31,0.3887,0.2975,6262286.23,7132414.8,8030627.42,4791899.24,23977456.97
PRJ-0013,2022-09-30,0.4255,0.3143,6854127.82,7558423.71,8510285.27,5062437.23,24051700.53
PRJ-0013,2022-10-31,0.4626,0.33,7452682.97,7898751.41,8893471.77,5316066.37,23935486.4
PRJ-0013,2022-11-30,0.5,0.3463,8054604.3,8788568.85,9895347.36,5579121.08,25376199.39
PRJ-0013,2022-12-31,0.5374,0.3636,8656525.63,9154179.9,10307001.23,5858075.97,25173212.91
PRJ-0013,2023-01-31,0.5745,0.3805,9255080.78,9598153.86,10806886.54,6130177.69,25222541.75
PRJ-0013,2023-02-28,0.6113,0.3977,9846922.37,9848252.98,11088481.61,6405908.26,24765818.53
PRJ-0013,2023-03-31,0.6474,0.4142,10428740.6,10637016.45,11976577.12,6673045.95,25678515.94
PRJ-0013,2023-04-30,0.6827,0.4315,10997281.69,11311012.9,12735452.56,6951020.52,26213628.02
PRJ-0013,2023-05-31,0.7169,0.4471,11549366.13,11473935.94,12918893.12,7202626.01,25662310.84
PRJ-0013,2023-06-30,0.75,0.4635,12081906.45,12488714.06,14061466.19,7466945.4,26943186.16
PRJ-0013,2023-07-31,0.7817,0.4804,12591924.46,12112997.53,13638434.21,7739115.12,25213580.74
PRJ-0013,2023-08-31,0.8117,0.4958,13076567.94,12669531.3,14265054.44,7986492.73,25555162.88
PRJ-0013,2023-09-30,0.8401,0.5105,13533126.56,13594989.95,15307059.68,8223150.31,26632679.78
PRJ-0013,2023-10-31,0.8665,0.5283,13959047.06,14088470.13,15862685.73,8509899.07,26669423.72
PRJ-0013,2023-11-30,0.8909,0.5448,14351947.52,14166661.7,15950724.27,8776224.85,26003630.54
PRJ-0013,2023-12-31,0.9131,0.56,14709630.68,14921349.61,16800452.95,9021485.18,26644297.33
PRJ-0013,2024-01-31,0.933,0.5765,15030096.24,14728522.31,16583342.16,9286955.3,25548183.52
PRJ-0013,2024-02-29,0.9505,0.592,15311552.02,16197101.86,18236865.62,9537187.57,27358431.48
PRJ-0013,2024-03-31,0.9654,0.6078,15552424.0,17077520.95,19228159.3,9790676.96,28098705.37
PRJ-0013,2024-04-30,0.9778,0.625,15751365.13,17156829.82,19317455.84,10067541.28,27452874.81
PRJ-0013,2024-05-31,0.9875,0.6409,15907262.85,18004711.3,20272114.32,10324760.55,28091852.47
PRJ-0013,2024-06-30,0.9944,0.6569,16019245.32,18553096.76,20889560.08,10581611.85,28244818.48
PRJ-0013,2024-07-31,0.9986,0.6723,16086686.29,18985563.45,21376488.98,10830114.7,28239996.57
PRJ-0013,2024-08-31,1.0,0.6883,16109208.6,19843451.28,22342413.94,11088753.93,28827612.01
PRJ-0013,2024-09-30,1.0,0.7048,16109208.6,19830950.4,22328338.77,11353030.62,28138822.77
PRJ-0013,2024-10-31,1.0,0.7206,16109208.6,20630847.49,23228970.0,11608838.34,28628758.2
PRJ-0013,2024-11-30,1.0,0.7384,16109208.6,19921660.24,22430472.07,11895609.7,26978203.61
PRJ-0013,2024-12-31,1.0,0.7539,16109208.6,22410377.06,25232602.63,12145133.9,29724945.15
PRJ-0013,2025-01-31,1.0,0.7694,16109208.6,21724514.43,24460366.66,12394317.13,28235902.87
PRJ-0013,2025-02-28,1.0,0.7853,16109208.6,22921983.43,25808637.57,12650824.94,29188216.14
PRJ-0013,2025-03-31,1.0,0.8029,16109208.6,23830174.4,26831200.55,12934616.89,29678903.8
PRJ-0013,2025-04-30,1.0,0.8196,16109208.6,24148088.34,27189150.62,13203277.26,29462881.43
PRJ-0013,2025-05-31,1.0,0.8353,16109208.6,24420189.88,27495518.96,13456762.94,29233622.88
PRJ-0013,2025-06-30,1.0,0.8509,16109208.6,24858081.65,27988556.14,13706960.0,29214648.81
PRJ-0013,2025-07-31,1.0,0.8666,16109208.6,26983597.5,30381746.43,13959894.84,31138085.63
PRJ-0013,2025-08-31,1.0,0.8819,16109208.6,28060215.71,31593947.34,14206784.64,31817746.22
PRJ-0013,2025-09-30,1.0,0.8977,16109208.6,30281069.85,34094482.24,14461008.78,33732368.07
PRJ-0013,2025-10-31,1.0,0.9136,16109208.6,29078010.35,32739916.8,14717178.84,31828364.62
PRJ-0013,2025-11-30,1.0,0.9302,16109208.6,28945205.36,32590387.16,14984844.25,31117063.56
PRJ-0013,2025-12-31,1.0,0.9457,16109208.6,30544121.2,34390660.67,15234997.03,32296797.88
PRJ-0014,2022-03-31,0.0027,0.0347,18246.08,246443.2,279414.42,230896.87,7109973.47
PRJ-0014,2022-04-30,0.0109,0.0688,72784.4,523090.22,593073.56,458112.07,7606310.38
PRJ-0014,2022-05-31,0.0245,0.1026,163017.44,802751.09,910149.78,683520.18,7823457.76
PRJ-0014,2022-06-30,0.0432,0.1379,287956.58,1034390.0,1172779.26,918724.58,7500119.08
PRJ-0014,2022-07-31,0.067,0.1742,446232.95,1283242.69,1454925.53,1160662.13,7364990.07
PRJ-0014,2022-08-31,0.0955,0.2117,636112.47,1614526.32,1830531.03,1410256.08,7626342.9
PRJ-0014,2022-09-30,0.1284,0.2465,855514.75,1954818.69,2216350.53,1642379.42,7928703.32
PRJ-0014,2022-10-31,0.1654,0.2824,1102035.99,2211168.11,2506996.5,1881111.67,7830263.27
PRJ-0014,2022-11-30,0.2061,0.3182,1372975.25,2585689.54,2931624.51,2119775.26,8125605.62
PRJ-0014,2022-12-31,0.25,0.3538,1665364.06,2779081.07,3150889.56,2356675.84,7855440.56
PRJ-0014,2023-01-31,0.2966,0.3892,1975998.95,3147393.15,3568477.47,2592393.58,8087592.06
PRJ-0014,2023-02-28,0.3455,0.4256,2301476.53,3351343.04,3799713.47,2835340.96,7873770.87
PRJ-0014,2023-03-31,0.396,0.4598,2638230.8,3756055.57,4258571.8,3063202.37,8168183.74
PRJ-0014,2023-04-30,0.4477,0.4923,2982572.23,4040592.46,4581176.39,3279522.8,8207361.71
PRJ-0014,2023-05-31,0.5,0.5258,3330728.12,4469824.19,5067834.29,3502789.14,8500522.61
PRJ-0014,2023-06-30,0.5523,0.5599,3678884.01,4733564.95,5366860.47,3729999.94,8453736.26
PRJ-0014,2023-07-31,0.604,0.5962,4023225.44,5427739.14,6153907.04,3971778.17,9103390.27
PRJ-0014,2023-08-31,0.6545,0.6314,4359979.71,5545026.17,6286885.7,4205807.34,8782606.1
PRJ-0014,2023-09-30,0.7034,0.6685,4685457.29,5729608.49,6496162.98,4452996.43,8571202.98
PRJ-0014,2023-10-31,0.75,0.7029,4996092.18,6178491.3,7005101.04,4682044.63,8790550.42
PRJ-0014,2023-11-30,0.7939,0.74,5288480.99,6316451.94,7161519.19,4929533.92,8535648.37
PRJ-0014,2023-12-31,0.8346,0.7747,5559420.25,6807922.36,7718742.6,5160773.69,8787573.27
PRJ-0014,2024-01-31,0.8716,0.8102,5805941.49,7200810.98,8164195.11,5396797.24,8888213.71
PRJ-0014,2024-02-29,0.9045,0.8441,6025343.77,7568423.54,8580989.93,5623227.64,8965797.84
PRJ-0014,2024-03-31,0.933,0.8813,6215223.29,7877457.39,8931368.88,5870537.81,8938761.55
PRJ-0014,2024-04-30,0.9568,0.9169,6373499.66,8122621.42,9209333.0,6108139.26,8858423.96
PRJ-0014,2024-05-31,0.9755,0.955,6498438.8,8528073.88,9669030.24,6361437.75,8930275.39
PRJ-0014,2024-06-30,0.9891,0.9919,6588671.84,9041751.31,10251431.7,6607480.64,9115612.13
PRJ-0014,2024-07-31,0.9973,1.0,6643210.16,9004725.82,10209452.63,6661456.24,9004725.82
PRJ-0015,2025-02-28,0.0109,0.0662,124510.51,731840.0,761416.08,754570.1,11052319.43
PRJ-0015,2025-03-31,0.0432,0.1354,492600.33,1529139.82,1590937.43,1543388.11,11290389.46
PRJ-0015,2025-04-30,0.0955,0.2026,1088182.16,2219576.37,2309276.81,2308333.2,10957424.08
PRJ-0015,2025-05-31,0.1654,0.2677,1885226.24,2924307.17,3042488.12,3050850.48,10922924.73
PRJ-0015,2025-06-30,0.25,0.3344,2848897.89,3783539.48,3936444.85,3810184.2,11315901.9
PRJ-0015,2025-07-31,0.3455,0.3965,3937080.06,4529988.31,4713060.15,4518453.53,11424682.42
PRJ-0015,2025-08-31,0.4477,0.4631,5102213.95,5050770.72,5254889.1,5277324.73,10906382.14
PRJ-0015,2025-09-30,0.5523,0.5298,6293377.62,5883999.44,6121791.36,6037034.55,11106720.34
PRJ-0015,2025-10-31,0.6545,0.5926,7458511.51,6808222.49,7083365.33,6752609.36,11489443.38
PRJ-0015,2025-11-30,0.75,0.6599,8546693.68,7759255.58,8072832.81,7519928.12,11758264.97
PRJ-0015,2025-12-31,0.8346,0.7264,9510365.33,8255368.09,8588994.88,8277787.98,11364727.3
PRJ-0016,2023-02-28,0.0056,0.043,112239.42,885524.83,965737.81,863632.43,20607540.2
PRJ-0016,2023-03-31,0.0222,0.0838,446450.43,1658205.49,1808409.76,1684823.12,19780551.21
PRJ-0016,2023-04-30,0.0495,0.1267,995167.31,2627368.92,2865362.35,2546237.64,20738458.86
PRJ-0016,2023-05-31,0.0869,0.1677,1746132.64,3545047.56,3866166.56,3371420.91,21133111.56
PRJ-0016,2023-06-30,0.1335,0.2093,2682571.09,4428232.17,4829352.17,4206951.06,21155206.97
PRJ-0016,2023-07-31,0.1883,0.2514,3783564.17,5539050.2,6040790.79,5052600.0,22033056.06
PRJ-0016,2023-08-31,0.25,0.29,5024517.51,6303120.15,6874072.04,5828820.71,21733478.64
PRJ-0016,2023-09-30,0.3173,0.3279,6377710.27,7269472.26,7927958.66,6590748.42,22167795.43
PRJ-0016,2023-10-31,0.3887,0.3673,7812914.36,8042442.45,8770946.36,7381985.83,21896218.07
PRJ-0016,2023-11-30,0.4626,0.4099,9298069.69,9685141.82,10562445.42,8238530.3,23627109.62
PRJ-0016,2023-12-31,0.5374,0.4526,10800000.35,10311792.73,11245859.89,9097210.75,22781392.91
PRJ-0016,2024-01-31,0.6113,0.4923,12285155.68,11720148.54,12781787.98,9894346.04,23806764.53
PRJ-0016,2024-02-29,0.6827,0.5326,13720359.77,12327323.55,13443962.37,10703880.95,23146316.12
PRJ-0016,2024-03-31,0.75,0.571,15073552.53,14142462.89,15423521.43,11476793.38,24766169.47
PRJ-0016,2024-04-30,0.8117,0.6094,16314505.87,14137810.03,15418447.1,12247353.49,23200334.38
PRJ-0016,2024-05-31,0.8665,0.647,17415498.95,15047903.24,16410978.75,13002774.9,23259174.72
PRJ-0016,2024-06-30,0.9131,0.6862,18351937.4,19455411.26,21217729.53,13791271.43,28352441.63
PRJ-0016,2024-07-31,0.9505,0.7258,19102902.73,20280470.65,22117524.79,14586803.01,27942950.85
PRJ-0016,2024-08-31,0.9778,0.7628,19651619.61,21348109.65,23281873.12,15331728.74,27984828.74
PRJ-0016,2024-09-30,0.9944,0.7996,19985830.62,24111576.91,26295661.94,16070980.41,30153490.91
PRJ-0016,2024-10-31,1.0,0.8357,20098070.04,24470790.2,26687413.64,16796679.78,29280528.16
PRJ-0016,2024-11-30,1.0,0.8741,20098070.04,23858080.96,26019203.71,17568163.96,27293767.48
PRJ-0016,2024-12-31,1.0,0.9111,20098070.04,26198914.89,28572076.05,18311178.05,28755529.82
PRJ-0016,2025-01-31,1.0,0.9451,20098070.04,27694137.22,30202739.24,18994554.08,29303067.99
PRJ-0016,2025-02-28,1.0,0.983,20098070.04,29072907.62,31706402.0,19756412.02,29575680.7
PRJ-0016,2025-03-31,1.0,1.0,20098070.04,28555196.26,31141795.09,20098070.04,28555196.26
PRJ-0017,2022-06-30,0.0031,0.0298,102042.86,853401.4,884690.22,968541.43,28598927.42
PRJ-0017,2022-07-31,0.0125,0.0592,406888.21,1724196.09,1787411.44,1922737.3,29105918.06
PRJ-0017,2022-08-31,0.0281,0.0876,910702.42,2771820.17,2873445.26,2844390.84,31629358.01
PRJ-0017,2022-09-30,0.0495,0.1161,1607149.76,3469442.14,3596644.62,3766899.43,29894426.29
PRJ-0017,2022-10-31,0.0766,0.1444,2487471.98,4426758.81,4589060.03,4685460.57,30665367.4
PRJ-0017,2022-11-30,0.1091,0.1718,3540598.52,5412840.54,5611295.14,5576924.1,31502505.7
PRJ-0017,2022-12-31,0.1464,0.2023,4753285.72,6015028.78,6235561.81,6567565.12,29726783.57
PRJ-0017,2023-01-31,0.1883,0.2309,6110283.31,9249390.18,9588506.76,7495917.18,40050036.81
PRJ-0017,2023-02-28,0.234,0.2586,7594526.28,10131044.5,10502485.77,8391977.4,39183616.41
PRJ-0017,2023-03-31,0.2831,0.2891,9187349.4,11668820.77,12096642.56,9385067.39,40355633.84
PRJ-0017,2023-04-30,0.3349,0.3184,10868721.99,12240776.42,12689568.21,10334822.29,38443290.33
PRJ-0017,2023-05-31,0.3887,0.3478,12617499.83,13007707.97,13484618.28,11288519.5,37400584.53
PRJ-0017,2023-06-30,0.444,0.3788,14411691.02,14626202.91,15162453.18,12296399.3,38607193.81
PRJ-0017,2023-07-31,0.5,0.4085,16228732.56,15614300.05,16186777.58,13258611.29,38224259.53
PRJ-0017,2023-08-31,0.556,0.4368,18045774.1,16594373.12,17202783.73,14177157.03,37991487.68
PRJ-0017,2023-09-30,0.6113,0.4665,19839965.29,17713149.65,18362578.72,15142763.37,37966910.2
PRJ-0017,2023-10-31,0.6651,0.4947,21588743.13,19053684.61,19752262.61,16056100.19,38517092.98
PRJ-0017,2023-11-30,0.7169,0.5233,23270115.72,20348871.77,21094936.08,16985952.54,38883471.16
PRJ-0017,2023-12-31,0.766,0.5529,24862938.84,20962778.46,21731350.84,17944289.36,37917280.36
PRJ-0017,2024-01-31,0.8117,0.5831,26347181.81,22822599.49,23659359.74,18927512.41,39136877.09
PRJ-0017,2024-02-29,0.8536,0.6118,27704179.4,22822464.41,23659219.7,19858315.87,37302223.77
PRJ-0017,2024-03-31,0.8909,0.641,28916866.6,24849868.93,25760956.31,20805207.44,38767397.84
PRJ-0017,2024-04-30,0.9234,0.6702,29969993.14,25496641.94,26431442.39,21753456.39,38042523.06
PRJ-0017,2024-05-31,0.9505,0.7009,30850315.36,26811443.68,27794449.59,22750271.66,38251477.22
PRJ-0017,2024-06-30,0.9719,0.7305,31546762.7,29375243.75,30452247.98,23708986.47,40214538.52
PRJ-0017,2024-07-31,0.9875,0.7621,32050576.91,29580753.02,30665291.97,24735454.57,38815387.7
PRJ-0017,2024-08-31,0.9969,0.7912,32355422.26,30446634.6,31562919.95,25680817.33,38480885.09
PRJ-0017,2024-09-30,1.0,0.8203,32457465.12,31703861.58,32866241.48,26625160.81,38648667.28
PRJ-0017,2024-10-31,1.0,0.8516,32457465.12,34904041.53,36183751.77,27641265.44,40985703.53
PRJ-0017,2024-11-30,1.0,0.882,32457465.12,34910155.37,36190089.77,28627918.88,39580074.08
PRJ-0017,2024-12-31,1.0,0.9146,32457465.12,37761977.8,39146470.47,29687003.17,41286015.64
PRJ-0017,2025-01-31,1.0,0.9461,32457465.12,38625596.17,40041752.26,30706695.95,40827868.37
PRJ-0017,2025-02-28,1.0,0.9747,32457465.12,40244044.76,41719539.12,31635127.6,41290166.29
PRJ-0017,2025-03-31,1.0,1.0,32457465.12,42613726.97,44176102.58,32457465.12,42613726.97
PRJ-0018,2021-07-31,0.0019,0.023,119815.9,1251315.91,1418695.67,1451172.51,54300429.75
PRJ-0018,2021-08-31,0.0076,0.046,478351.74,2595588.46,2942782.12,2898633.66,56389448.42
PRJ-0018,2021-09-30,0.017,0.0687,1072878.84,3845767.88,4360189.27,4325973.71,55982789.56
PRJ-0018,2021-10-31,0.0302,0.0917,1898872.49,5033062.53,5706300.01,5772680.3,54904781.01
PRJ-0018,2021-11-30,0.0468,0.1147,2950046.39,6694192.84,7589628.07,7222423.67,58367434.06
PRJ-0018,2021-12-31,0.067,0.137,4218400.45,7768813.38,8807993.07,8628557.59,56698534.1
PRJ-0018,2022-01-31,0.0904,0.1608,5694281.75,8954089.7,10151815.48,10123362.71,55699588.49
PRJ-0018,2022-02-28,0.117,0.185,7366457.93,10651712.05,12076516.86,11652478.28,57564728.27
PRJ-0018,2022-03-31,0.1464,0.2085,9222202.72,12533662.57,14210202.71,13128689.79,60119028.69
PRJ-0018,2022-04-30,0.1786,0.2316,11247392.79,13910131.77,15770792.54,14587574.38,60048685.42
PRJ-0018,2022-05-31,0.2132,0.2544,13426615.22,14065718.15,15947190.62,16020788.45,55288316.81
PRJ-0018,2022-06-30,0.25,0.2775,15743284.8,16801560.64,19048987.57,17473384.8,60551921.05
PRJ-0018,2022-07-31,0.2887,0.3006,18179770.29,18160029.79,20589169.61,18931621.71,60406556.9
PRJ-0018,2022-08-31,0.329,0.3226,20717528.56,18490249.63,20963560.64,20318211.81,57307654.57
PRJ-0018,2022-09-30,0.3706,0.3464,23337245.73,20719752.79,23491288.81,21811373.79,59821444.07
PRJ-0018,2022-10-31,0.4132,0.3689,26018984.18,22502057.02,25511999.37,23228160.63,61004622.46
PRJ-0018,2022-11-30,0.4564,0.393,28742334.25,23772498.27,26952378.64,24746625.75,60494261.26
PRJ-0018,2022-12-31,0.5,0.4132,31486569.61,24020225.44,27233242.54,26022537.39,58127652.13
PRJ-0018,2023-01-31,0.5436,0.4362,34230804.97,26714963.72,30288437.05,27470004.53,61242258.9
PRJ-0018,2023-02-28,0.5868,0.46,36954155.04,28303111.24,32089019.93,28965062.71,61533986.03
PRJ-0018,2023-03-31,0.6294,0.4834,39635893.49,30582483.44,34673287.77,30442460.28,63262790.51
PRJ-0018,2023-04-30,0.671,0.5052,42255610.66,32930945.27,37335886.86,31816295.71,65179335.16
PRJ-0018,2023-05-31,0.7113,0.5293,44793368.93,35388578.23,40122260.14,33329966.14,66862650.1
PRJ-0018,2023-06-30,0.75,0.5515,47229854.41,35578355.38,40337422.46,34730474.44,64510513.11
PRJ-0018,2023-07-31,0.7868,0.574,49546524.0,38516476.94,43668555.93,36145363.13,67104138.8
PRJ-0018,2023-08-31,0.8214,0.5965,51725746.43,39869942.93,45203065.58,37564835.8,66837386.98
PRJ-0018,2023-09-30,0.8536,0.6181,53750936.5,41895979.47,47500110.81,38921479.97,67785740.67
PRJ-0018,2023-10-31,0.883,0.6411,55606681.29,42893446.09,48631001.55,40372964.64,66904548.04
PRJ-0018,2023-11-30,0.9096,0.6649,57278857.47,43149041.15,48920785.77,41873299.42,64891723.68
PRJ-0018,2023-12-31,0.933,0.6891,58754738.77,45844048.85,51976285.75,43392407.58,66531078.41
PRJ-0018,2024-01-31,0.9532,0.7118,60023092.83,49292253.34,55885732.36,44824509.53,69249791.35
PRJ-0018,2024-02-29,0.9698,0.7347,61074266.73,49857300.56,56526361.98,46265525.49,67861992.18
PRJ-0018,2024-03-31,0.983,0.7582,61900260.38,51766744.36,58691218.7,47748907.14,68272021.19
PRJ-0018,2024-04-30,0.9924,0.781,62494787.48,53488228.74,60642973.96,49182967.01,68485532.29
PRJ-0018,2024-05-31,0.9981,0.8049,62853323.32,55355106.1,62759570.41,50689724.02,68769062.57
PRJ-0018,2024-06-30,1.0,0.8278,62973139.22,59484161.58,67440940.69,52128804.04,71858628.98
PRJ-0018,2024-07-31,1.0,0.85,62973139.22,61162204.45,69343443.59,53524731.49,71958810.6
PRJ-0018,2024-08-31,1.0,0.8731,62973139.22,61410768.59,69625256.4,54979323.29,70339695.87
PRJ-0018,2024-09-30,1.0,0.8948,62973139.22,64676492.88,73327813.74,56346363.68,72282957.14
PRJ-0018,2024-10-31,1.0,0.9179,62973139.22,67246690.1,76241808.21,57800572.95,73264588.25
PRJ-0018,2024-11-30,1.0,0.9411,62973139.22,68358695.05,77502558.26,59264955.99,72635869.69
PRJ-0018,2024-12-31,1.0,0.9634,62973139.22,69806588.63,79144126.42,60668775.97,72458030.58
PRJ-0018,2025-01-31,1.0,0.9866,62973139.22,73458428.27,83284447.03,62131315.81,74453723.86
PRJ-0018,2025-02-28,1.0,1.0,62973139.22,72774486.18,82509018.8,62973139.22,72774486.18
PRJ-0019,2022-02-28,0.0027,0.0424,39124.88,877846.28,902331.11,605500.83,20708869.55
PRJ-0019,2022-03-31,0.0109,0.0841,156070.85,2274948.47,2338401.18,1201304.96,27050229.75
PRJ-0019,2022-04-30,0.0245,0.1261,349556.63,3129444.91,3216731.18,1801591.34,24812109.6
PRJ-0019,2022-05-31,0.0432,0.1712,617462.36,4188336.96,4305157.78,2445858.41,24460366.9
PRJ-0019,2022-06-30,0.067,0.2145,956852.79,4616350.04,4745108.98,3063672.63,21523309.02
PRJ-0019,2022-07-31,0.0955,0.2585,1364009.49,6889690.86,7081857.66,3692719.46,26650544.41
PRJ-0019,2022-08-31,0.1284,0.3021,1834471.58,7646192.36,7859459.45,4315061.69,25311091.59
PRJ-0019,2022-09-30,0.1654,0.3476,2363084.57,8927591.79,9176599.59,4965233.5,25683092.27
PRJ-0019,2022-10-31,0.2061,0.3908,2944056.87,10114326.98,10396435.12,5581727.07,25883384.12
PRJ-0019,2022-11-30,0.25,0.4349,3571023.21,11125019.17,11435317.47,6211881.14,25581752.68
PRJ-0019,2022-12-31,0.2966,0.4785,4237114.44,11952638.78,12286020.99,6835303.95,24978055.62
PRJ-0019,2023-01-31,0.3455,0.5238,4935032.71,12844071.71,13202317.71,7482060.45,24520773.95
PRJ-0019,2023-02-28,0.396,0.5685,5657131.48,14372543.54,14773421.58,8120509.96,25281509.13
PRJ-0019,2023-03-31,0.4477,0.613,6395499.29,15273612.31,15699622.9,8756534.22,24915073.83
PRJ-0019,2023-04-30,0.5,0.6571,7142046.43,14760395.13,15172091.09,9385966.12,22463202.19
PRJ-0019,2023-05-31,0.5523,0.7026,7888593.57,16895015.38,17366250.04,10036159.37,24046047.86
PRJ-0019,2023-06-30,0.604,0.7505,8626961.38,18483140.95,18998671.49,10720097.44,24628031.88
PRJ-0019,2023-07-31,0.6545,0.7964,9349060.15,20003976.55,20561926.14,11376351.68,25116897.45
PRJ-0019,2023-08-31,0.7034,0.8411,10046978.42,20987857.87,21573249.82,12013843.74,24953921.27
PRJ-0019,2023-09-30,0.75,0.8863,10713069.64,21126153.34,21715402.61,12659861.05,23836591.47
PRJ-0019,2023-10-31,0.7939,0.931,11340035.99,21492734.44,22092208.37,13299174.8,23084455.93
PRJ-0019,2023-11-30,0.8346,0.9756,11921008.29,23090788.22,23734834.96,13936148.85,23667296.22
PRJ-0019,2023-12-31,0.8716,1.0,12449621.28,25212604.22,25915832.52,14284092.86,25212604.22
PRJ-0020,2021-09-30,0.0031,0.028,41169.75,400980.56,437615.78,366352.84,14332894.74
PRJ-0020,2021-10-31,0.0125,0.0573,164161.25,795655.12,868349.43,750518.42,13882691.17
PRJ-0020,2021-11-30,0.0281,0.0856,367427.83,1252659.14,1367107.2,1121284.46,14629425.31
PRJ-0020,2021-12-31,0.0495,0.1131,648413.28,1635768.23,1785218.71,1481307.16,14460616.26
PRJ-0020,2022-01-31,0.0766,0.1411,1003584.06,2089105.82,2279975.07,1847874.86,14804646.34
PRJ-0020,2022-02-28,0.1091,0.1692,1428473.67,2467205.28,2692619.24,2215764.7,14581150.79
PRJ-0020,2022-03-31,0.1464,0.1967,1917738.89,2997650.27,3271527.86,2575533.15,15241368.87
PRJ-0020,2022-04-30,0.1883,0.2251,2465226.93,3691478.21,4028746.76,2947739.07,16399153.36
PRJ-0020,2022-05-31,0.234,0.2523,3064052.8,3943484.15,4303776.98,3303888.5,15630212.12
PRJ-0020,2022-06-30,0.2831,0.2813,3706685.93,4336265.39,4732444.32,3683860.9,15414263.75
PRJ-0020,2022-07-31,0.3349,0.3083,4385044.82,4726453.41,5158281.52,4037554.58,15329469.65
PRJ-0020,2022-08-31,0.3887,0.3352,5090598.72,5214574.03,5690998.83,4389232.75,15557520.49
PRJ-0020,2022-09-30,0.444,0.3627,5814474.88,5671723.72,6189915.59,4749097.53,15639185.6
PRJ-0020,2022-10-31,0.5,0.3895,6547570.14,6223789.29,6792420.14,5100048.41,15980513.79
PRJ-0020,2022-11-30,0.556,0.4154,7280665.4,6475385.71,7067003.43,5439303.98,15589510.08
PRJ-0020,2022-12-31,0.6113,0.4427,8004541.56,7244907.1,7906831.44,5797520.22,16364423.26
PRJ-0020,2023-01-31,0.6651,0.4704,8710095.46,7287782.44,7953624.05,6160567.8,15491191.16
PRJ-0020,2023-02-28,0.7169,0.4983,9388454.35,7876770.44,8596424.4,6525099.13,15807792.62
PRJ-0020,2023-03-31,0.766,0.5256,10031087.48,7956781.84,8683745.97,6883364.39,15137245.17
PRJ-0020,2023-04-30,0.8117,0.5519,10629913.35,9200995.66,10041636.25,7226931.31,16672128.7
PRJ-0020,2023-05-31,0.8536,0.5767,11177401.39,8956368.11,9774658.53,7551675.82,15530976.12
PRJ-0020,2023-06-30,0.8909,0.6049,11666666.61,10183092.9,11113461.91,7921231.68,16834380.74
PRJ-0020,2023-07-31,0.9234,0.6303,12091556.22,10487499.28,11445680.1,8254236.62,16638155.72
PRJ-0020,2023-08-31,0.9505,0.6577,12446727.0,11306778.63,12339812.16,8613093.91,17190553.57
PRJ-0020,2023-09-30,0.9719,0.6816,12727712.45,10692095.49,11668969.06,8925652.33,15686751.53
PRJ-0020,2023-10-31,0.9875,0.7078,12930979.03,11689358.01,12757345.55,9268656.9,16515206.52
PRJ-0020,2023-11-30,0.9969,0.7333,13053970.53,12172922.49,13285090.46,9602871.71,16599839.34
PRJ-0020,2023-12-31,1.0,0.7573,13095140.28,13128331.05,14327789.06,9917189.92,17335287.32
PRJ-0020,2024-01-31,1.0,0.7829,13095140.28,14259123.36,15561895.18,10252699.36,18212298.46
PRJ-0020,2024-02-29,1.0,0.808,13095140.28,14017214.51,15297884.55,10580959.63,17347896.29
PRJ-0020,2024-03-31,1.0,0.833,13095140.28,14640274.03,15977869.33,10907688.22,17576267.15
PRJ-0020,2024-04-30,1.0,0.857,13095140.28,15755642.43,17195142.35,11223161.57,18383620.91
PRJ-0020,2024-05-31,1.0,0.8822,13095140.28,15619258.82,17046298.18,11553109.4,17704011.82
PRJ-0020,2024-06-30,1.0,0.9057,13095140.28,15967864.74,17426754.16,11860201.19,17630512.79
PRJ-0020,2024-07-31,1.0,0.9302,13095140.28,16738979.35,18268320.95,12180921.31,17995295.84
PRJ-0020,2024-08-31,1.0,0.9526,13095140.28,16674203.1,18197626.48,12473988.14,17504508.28
PRJ-0020,2024-09-30,1.0,0.9758,13095140.28,17465068.93,19060749.05,12778487.7,17897855.61
PRJ-0020,2024-10-31,1.0,0.9994,13095140.28,18210677.64,19874479.62,13087417.9,18221423.05
PRJ-0020,2024-11-30,1.0,1.0,13095140.28,17845202.25,19475612.9,13095140.28,17845202.25
