project_id,work_package_id,work_package_name,budget,actual_cost,planned_progress,actual_progress
PRJ-0001,WP-001,Site Preparation,106073.55,110947.35,1.0,1.0
PRJ-0001,WP-002,Earthworks,2527404.07,2365034.77,1.0,0.9142
PRJ-0001,WP-003,Foundations,201629.06,210399.11,1.0,0.9338
PRJ-0001,WP-004,Structure,171320.99,173053.08,1.0,1.0
PRJ-0001,WP-005,Masonry,152864.75,142693.64,1.0,1.0
PRJ-0001,WP-006,Roofing,61303.95,63909.85,1.0,0.9952
PRJ-0001,WP-007,Waterproofing,109518.89,104513.78,1.0,1.0
PRJ-0001,WP-008,Facade,117962.02,131299.55,1.0,1.0
PRJ-0001,WP-009,Electrical,5382.28,5314.51,1.0,1.0
PRJ-0001,WP-010,Plumbing,469484.38,465739.67,1.0,1.0
PRJ-0001,WP-011,HVAC,1047561.28,1027422.18,1.0,0.9676
PRJ-0001,WP-012,Fire Safety Systems,547660.61,532103.91,1.0,1.0
PRJ-0001,WP-013,Elevators,564618.94,568459.34,1.0,0.8963
PRJ-0001,WP-014,Interior Finishes,16777.56,17049.81,1.0,1.0
PRJ-0001,WP-015,Painting,191840.51,193850.19,1.0,0.9752
PRJ-0001,WP-016,Landscaping,301757.38,274557.41,1.0,0.8814
PRJ-0001,WP-017,Utilities Connection,114642.62,114557.25,1.0,1.0
PRJ-0001,WP-018,Commissioning,154354.12,132970.44,1.0,0.9993
PRJ-0001,WP-019,Final Cleaning,392364.69,381352.24,1.0,1.0
PRJ-0001,WP-020,Demolition,3145.55,3143.09,1.0,1.0
PRJ-0001,WP-021,Site Preparation (2),980331.29,1084083.76,1.0,0.9666
PRJ-0001,WP-022,Earthworks (2),432081.21,410115.12,1.0,1.0
PRJ-0001,WP-023,Foundations (2),293472.58,302371.75,1.0,0.9965
PRJ-0001,WP-024,Structure (2),28950.13,27149.03,1.0,1.0
PRJ-0001,WP-025,Masonry (2),175571.54,187538.35,1.0,1.0
PRJ-0001,WP-026,Roofing (2),701756.26,709387.23,1.0,1.0
PRJ-0001,WP-027,Waterproofing (2),331246.26,342358.95,1.0,0.9396
PRJ-0001,WP-028,Facade (2),470896.85,449751.02,1.0,1.0
PRJ-0002,WP-001,Site Preparation,330031.15,304733.24,0.9987,0.999
PRJ-0002,WP-002,Earthworks,672502.05,630405.58,0.9987,0.9627
PRJ-0002,WP-003,Foundations,212043.45,199001.89,0.9987,1.0
PRJ-0002,WP-004,Structure,646374.77,634344.85,0.9987,0.9834
PRJ-0002,WP-005,Masonry,4211120.45,3615223.73,0.9987,1.0
PRJ-0002,WP-006,Roofing,1677005.51,1436661.92,0.9987,0.9964
PRJ-0002,WP-007,Waterproofing,557330.13,512943.41,0.9987,1.0
PRJ-0002,WP-008,Facade,759884.98,715073.78,0.9987,0.9574
PRJ-0002,WP-009,Electrical,89453.83,72125.97,0.9987,1.0
PRJ-0002,WP-010,Plumbing,324168.16,278568.45,0.9987,1.0
PRJ-0002,WP-011,HVAC,1848134.29,1643580.67,0.9987,0.9281
PRJ-0002,WP-012,Fire Safety Systems,880531.34,764258.7,0.9987,0.9991
PRJ-0002,WP-013,Elevators,498681.42,468985.86,0.9987,0.9455
PRJ-0002,WP-014,Interior Finishes,3782834.88,3352621.44,0.9987,0.9321
PRJ-0002,WP-015,Painting,55650.5,49662.59,0.9987,0.9868
PRJ-0002,WP-016,Landscaping,1499500.05,1335842.63,0.9987,1.0
PRJ-0002,WP-017,Utilities Connection,1400692.97,1185219.13,0.9987,0.9644
PRJ-0002,WP-018,Commissioning,11948.1,9943.26,0.9987,0.989
PRJ-0002,WP-019,Final Cleaning,2050861.02,1611921.06,0.9987,0.9707
PRJ-0002,WP-020,Demolition,647164.34,645139.84,0.9987,1.0
PRJ-0002,WP-021,Site Preparation (2),687891.51,589910.78,0.9987,1.0
PRJ-0002,WP-022,Earthworks (2),4860.72,4201.81,0.9987,1.0
PRJ-0002,WP-023,Foundations (2),610693.59,546759.16,0.9987,1.0
PRJ-0003,WP-001,Site Preparation,288929.97,277879.7,0.0843,0.0487
PRJ-0003,WP-002,Earthworks,116983.89,94515.6,0.0843,0.1561
PRJ-0003,WP-003,Foundations,11569.81,10764.44,0.0843,0.159
PRJ-0003,WP-004,Structure,78277.66,72022.49,0.0843,0.3046
PRJ-0003,WP-005,Masonry,21778.68,20279.61,0.0843,0.173
PRJ-0003,WP-006,Roofing,35706.55,29273.51,0.0843,0.221
PRJ-0003,WP-007,Waterproofing,231773.98,192494.42,0.0843,0.1353
PRJ-0003,WP-008,Facade,440437.51,398871.64,0.0843,0.0479
PRJ-0003,WP-009,Electrical,2805.06,2526.13,0.0843,0.1582
PRJ-0003,WP-010,Plumbing,96165.71,81793.43,0.0843,0.2464
PRJ-0003,WP-011,HVAC,15390.61,13117.58,0.0843,0.2101
PRJ-0003,WP-012,Fire Safety Systems,89337.41,80124.73,0.0843,0.2208
PRJ-0003,WP-013,Elevators,44437.59,39773.47,0.0843,0.2136
PRJ-0003,WP-014,Interior Finishes,185920.26,157461.26,0.0843,0.1762
PRJ-0003,WP-015,Painting,56792.25,57185.79,0.0843,0.2113
PRJ-0003,WP-016,Landscaping,59416.19,51818.22,0.0843,0.1917
PRJ-0003,WP-017,Utilities Connection,143699.84,125891.28,0.0843,0.1809
PRJ-0003,WP-018,Commissioning,261614.74,214362.96,0.0843,0.1329
PRJ-0003,WP-019,Final Cleaning,223277.82,193517.26,0.0843,0.1177
PRJ-0003,WP-020,Demolition,62825.49,54042.92,0.0843,0.1692
PRJ-0003,WP-021,Site Preparation (2),316250.39,296698.26,0.0843,0.1613
PRJ-0003,WP-022,Earthworks (2),57847.97,54019.11,0.0843,0.1377
PRJ-0003,WP-023,Foundations (2),44395.71,38781.64,0.0843,0.17
PRJ-0003,WP-024,Structure (2),513.49,533.36,0.0843,0.1751
PRJ-0003,WP-025,Masonry (2),68516.13,62737.4,0.0843,0.1359
PRJ-0003,WP-026,Roofing (2),327920.46,319547.0,0.0843,0.1543
PRJ-0003,WP-027,Waterproofing (2),174665.64,162549.96,0.0843,0.2203
PRJ-0003,WP-028,Facade (2),99915.74,102328.44,0.0843,0.1084
PRJ-0003,WP-029,Electrical (2),20947.21,20261.44,0.0843,0.1695
PRJ-0003,WP-030,Plumbing (2),777998.74,642853.68,0.0843,0.1818
PRJ-0003,WP-031,HVAC (2),352586.57,342714.75,0.0843,0.1351
PRJ-0003,WP-032,Fire Safety Systems (2),105796.22,100600.95,0.0843,0.182
PRJ-0003,WP-033,Elevators (2),41635.65,38536.87,0.0843,0.086
PRJ-0003,WP-034,Interior Finishes (2),35809.74,30786.78,0.0843,0.2198
PRJ-0003,WP-035,Painting (2),55298.62,50176.47,0.0843,0.1626
PRJ-0003,WP-036,Landscaping (2),165799.8,166486.98,0.0843,0.0536
PRJ-0003,WP-037,Utilities Connection (2),58798.13,60713.66,0.0843,0.1544
PRJ-0003,WP-038,Commissioning (2),500166.95,458136.93,0.0843,0.1839
PRJ-0003,WP-039,Final Cleaning (2),78489.71,71317.7,0.0843,0.206
PRJ-0003,WP-040,Demolition (2),245162.69,206686.39,0.0843,0.1405
PRJ-0003,WP-041,Site Preparation (3),187408.98,180878.99,0.0843,0.0608
PRJ-0003,WP-042,Earthworks (3),159004.92,129160.77,0.0843,0.1095
PRJ-0003,WP-043,Foundations (3),64739.69,64956.53,0.0843,0.1631
PRJ-0003,WP-044,Structure (3),119406.4,119720.88,0.0843,0.163
PRJ-0003,WP-045,Masonry (3),76626.24,70333.39,0.0843,0.2028
PRJ-0003,WP-046,Roofing (3),3470.09,2932.52,0.0843,0.2118
PRJ-0003,WP-047,Waterproofing (3),218391.52,192775.94,0.0843,0.1137
PRJ-0003,WP-048,Facade (3),352515.52,341113.57,0.0843,0.1301
PRJ-0003,WP-049,Electrical (3),244335.41,191497.66,0.0843,0.1441
PRJ-0003,WP-050,Plumbing (3),237886.08,210657.02,0.0843,0.2325
PRJ-0003,WP-051,HVAC (3),73011.99,64228.96,0.0843,0.1192
PRJ-0003,WP-052,Fire Safety Systems (3),26055.79,22179.12,0.0843,0.1352
PRJ-0003,WP-053,Elevators (3),99872.11,87645.05,0.0843,0.1822
PRJ-0003,WP-054,Interior Finishes (3),12629.63,11728.5,0.0843,0.1659
PRJ-0003,WP-055,Painting (3),1415.72,1137.69,0.0843,0.1253
PRJ-0003,WP-056,Landscaping (3),138990.8,113765.75,0.0843,0.1271
PRJ-0003,WP-057,Utilities Connection (3),38336.21,30412.48,0.0843,0.1138
PRJ-0003,WP-058,Commissioning (3),60061.82,55363.25,0.0843,0.232
PRJ-0003,WP-059,Final Cleaning (3),281023.16,226530.16,0.0843,0.1975
PRJ-0003,WP-060,Demolition (3),24364.98,23659.26,0.0843,0.1607
PRJ-0003,WP-061,Site Preparation (4),107599.6,96374.27,0.0843,0.1138
PRJ-0003,WP-062,Earthworks (4),114131.09,97371.21,0.0843,0.1178
PRJ-0003,WP-063,Foundations (4),500.0,493.52,0.0843,0.0756
PRJ-0003,WP-064,Structure (4),58410.75,46603.32,0.0843,0.1311
PRJ-0003,WP-065,Masonry (4),28809.13,26744.06,0.0843,0.1051
PRJ-0003,WP-066,Roofing (4),80447.54,65628.04,0.0843,0.0876
PRJ-0003,WP-067,Waterproofing (4),117523.78,115214.21,0.0843,0.1405
PRJ-0003,WP-068,Facade (4),55918.79,50167.07,0.0843,0.1895
PRJ-0003,WP-069,Electrical (4),88599.71,83401.39,0.0843,0.2338
PRJ-0003,WP-070,Plumbing (4),314015.62,295440.25,0.0843,0.1062
PRJ-0003,WP-071,HVAC (4),57201.99,55639.93,0.0843,0.1179
PRJ-0003,WP-072,Fire Safety Systems (4),214494.25,209693.7,0.0843,0.1941
PRJ-0003,WP-073,Elevators (4),13807.77,13323.99,0.0843,0.15
PRJ-0004,WP-001,Site Preparation,89520.61,87052.55,1.0,0.9689
PRJ-0004,WP-002,Earthworks,338336.76,351826.9,1.0,0.9974
PRJ-0004,WP-003,Foundations,649219.54,669816.51,1.0,1.0
PRJ-0004,WP-004,Structure,43923.8,42764.72,1.0,0.9138
PRJ-0004,WP-005,Masonry,1827369.02,1744445.23,1.0,1.0
PRJ-0004,WP-006,Roofing,493411.81,424316.54,1.0,1.0
PRJ-0004,WP-007,Waterproofing,39877.62,41474.18,1.0,1.0
PRJ-0004,WP-008,Facade,254826.07,276229.02,1.0,1.0
PRJ-0004,WP-009,Electrical,1170614.41,1070300.1,1.0,1.0
PRJ-0004,WP-010,Plumbing,357034.76,301419.28,1.0,1.0
PRJ-0004,WP-011,HVAC,79314.33,77571.24,1.0,1.0
PRJ-0004,WP-012,Fire Safety Systems,64285.92,61145.94,1.0,0.9645
PRJ-0004,WP-013,Elevators,58941.77,57551.9,1.0,1.0
PRJ-0004,WP-014,Interior Finishes,65311.06,60189.37,1.0,1.0
PRJ-0004,WP-015,Painting,208404.63,220114.72,1.0,0.9809
PRJ-0004,WP-016,Landscaping,684716.01,641948.96,1.0,1.0
PRJ-0004,WP-017,Utilities Connection,451519.11,440911.99,1.0,1.0
PRJ-0004,WP-018,Commissioning,130429.89,118914.6,1.0,0.9306
PRJ-0004,WP-019,Final Cleaning,360313.19,329451.71,1.0,1.0
PRJ-0004,WP-020,Demolition,163325.14,154504.13,1.0,0.908
PRJ-0004,WP-021,Site Preparation (2),112911.61,111655.15,1.0,1.0
PRJ-0004,WP-022,Earthworks (2),76748.26,79602.52,1.0,1.0
PRJ-0004,WP-023,Foundations (2),207477.84,190038.54,1.0,1.0
PRJ-0004,WP-024,Structure (2),154141.32,148958.29,1.0,1.0
PRJ-0004,WP-025,Masonry (2),462908.26,448087.67,1.0,0.9357
PRJ-0004,WP-026,Roofing (2),173243.62,173418.53,1.0,1.0
PRJ-0004,WP-027,Waterproofing (2),666001.03,580702.67,1.0,1.0
PRJ-0004,WP-028,Facade (2),360929.73,313528.76,1.0,0.9298
PRJ-0004,WP-029,Electrical (2),57566.1,57285.07,1.0,1.0
PRJ-0004,WP-030,Plumbing (2),198767.96,204081.74,1.0,0.9619
PRJ-0004,WP-031,HVAC (2),59998.89,59307.39,1.0,1.0
PRJ-0004,WP-032,Fire Safety Systems (2),103993.67,106150.87,1.0,1.0
PRJ-0004,WP-033,Elevators (2),202805.46,190470.11,1.0,0.9036
PRJ-0004,WP-034,Interior Finishes (2),25191.18,24406.61,1.0,0.9724
PRJ-0004,WP-035,Painting (2),76462.97,70301.87,1.0,1.0
PRJ-0004,WP-036,Landscaping (2),455057.92,452417.57,1.0,0.9828
PRJ-0004,WP-037,Utilities Connection (2),579330.05,469159.18,1.0,0.9644
PRJ-0004,WP-038,Commissioning (2),1143981.03,1235454.29,1.0,1.0
PRJ-0004,WP-039,Final Cleaning (2),674402.42,655173.55,1.0,1.0
PRJ-0004,WP-040,Demolition (2),264202.67,218003.31,1.0,0.9299
PRJ-0004,WP-041,Site Preparation (3),1499096.4,1472932.76,1.0,0.9382
PRJ-0004,WP-042,Earthworks (3),1271108.45,1198916.16,1.0,0.9723
PRJ-0004,WP-043,Foundations (3),582070.25,619510.39,1.0,1.0
PRJ-0004,WP-044,Structure (3),460240.52,445009.5,1.0,0.9374
PRJ-0004,WP-045,Masonry (3),323292.87,344599.12,1.0,1.0
PRJ-0004,WP-046,Roofing (3),50754.86,56410.71,1.0,1.0
PRJ-0004,WP-047,Waterproofing (3),823505.21,722015.47,1.0,1.0
PRJ-0004,WP-048,Facade (3),1458946.45,1483371.73,1.0,1.0
PRJ-0004,WP-049,Electrical (3),244072.81,261523.25,1.0,1.0
PRJ-0004,WP-050,Plumbing (3),151938.58,150844.66,1.0,0.948
PRJ-0004,WP-051,HVAC (3),17680.66,16321.15,1.0,0.9011
PRJ-0004,WP-052,Fire Safety Systems (3),60022.33,63953.22,1.0,0.9467
PRJ-0004,WP-053,Elevators (3),447920.92,451071.5,1.0,1.0
PRJ-0004,WP-054,Interior Finishes (3),365069.41,333780.57,1.0,1.0
PRJ-0004,WP-055,Painting (3),405656.17,390785.58,1.0,0.9994
PRJ-0004,WP-056,Landscaping (3),318966.8,279025.44,1.0,0.9092
PRJ-0004,WP-057,Utilities Connection (3),72684.0,66370.53,1.0,0.9746
PRJ-0004,WP-058,Commissioning (3),379863.52,353809.29,1.0,1.0
PRJ-0004,WP-059,Final Cleaning (3),378797.22,346864.99,1.0,1.0
PRJ-0004,WP-060,Demolition (3),34878.75,37759.12,1.0,1.0
PRJ-0004,WP-061,Site Preparation (4),251562.35,244641.07,1.0,0.977
PRJ-0004,WP-062,Earthworks (4),462668.3,386813.76,1.0,1.0
PRJ-0004,WP-063,Foundations (4),247449.36,247443.52,1.0,1.0
PRJ-0004,WP-064,Structure (4),571060.37,554580.85,1.0,0.9784
PRJ-0004,WP-065,Masonry (4),93991.21,95430.98,1.0,1.0
PRJ-0004,WP-066,Roofing (4),275965.15,280369.7,1.0,1.0
PRJ-0004,WP-067,Waterproofing (4),1010156.38,914697.44,1.0,1.0
PRJ-0004,WP-068,Facade (4),401762.61,337184.94,1.0,1.0
PRJ-0004,WP-069,Electrical (4),591465.03,518227.54,1.0,1.0
PRJ-0004,WP-070,Plumbing (4),553001.68,478613.61,1.0,1.0
PRJ-0004,WP-071,HVAC (4),540445.42,605545.84,1.0,1.0
PRJ-0004,WP-072,Fire Safety Systems (4),79635.15,77734.51,1.0,1.0
PRJ-0004,WP-073,Elevators (4),68596.43,68486.31,1.0,0.9728
PRJ-0004,WP-074,Interior Finishes (4),31921.27,33763.65,1.0,1.0
PRJ-0004,WP-075,Painting (4),188053.38,169704.71,1.0,0.9753
PRJ-0004,WP-076,Landscaping (4),59861.95,59438.78,1.0,0.9651
PRJ-0004,WP-077,Utilities Connection (4),131505.3,137867.63,1.0,0.9882
PRJ-0005,WP-001,Site Preparation,286198.45,352408.98,0.9714,1.0
PRJ-0005,WP-002,Earthworks,188463.3,201017.97,0.9714,0.94
PRJ-0005,WP-003,Foundations,74369.8,82409.85,0.9714,1.0
PRJ-0005,WP-004,Structure,645.21,737.93,0.9714,1.0
PRJ-0005,WP-005,Masonry,195162.14,193984.37,0.9714,1.0
PRJ-0005,WP-006,Roofing,77144.87,89019.97,0.9714,0.9968
PRJ-0005,WP-007,Waterproofing,9646.07,11720.36,0.9714,0.9756
PRJ-0005,WP-008,Facade,298460.52,352294.26,0.9714,0.9977
PRJ-0005,WP-009,Electrical,12449.05,14922.9,0.9714,1.0
PRJ-0005,WP-010,Plumbing,31610.4,30797.38,0.9714,1.0
PRJ-0005,WP-011,HVAC,205598.76,245892.15,0.9714,0.9667
PRJ-0005,WP-012,Fire Safety Systems,315341.88,314088.49,0.9714,1.0
PRJ-0005,WP-013,Elevators,22714.24,25620.84,0.9714,0.9757
PRJ-0005,WP-014,Interior Finishes,119951.75,127289.95,0.9714,0.9083
PRJ-0005,WP-015,Painting,64774.97,66245.91,0.9714,1.0
PRJ-0005,WP-016,Landscaping,8533.21,9432.71,0.9714,0.929
PRJ-0005,WP-017,Utilities Connection,187465.27,178746.31,0.9714,1.0
PRJ-0005,WP-018,Commissioning,2374.73,2392.71,0.9714,0.9339
PRJ-0005,WP-019,Final Cleaning,146219.34,176089.21,0.9714,1.0
PRJ-0005,WP-020,Demolition,42211.32,41465.99,0.9714,0.9435
PRJ-0005,WP-021,Site Preparation (2),198489.59,213976.08,0.9714,0.9206
PRJ-0005,WP-022,Earthworks (2),230138.3,261626.5,0.9714,0.9871
PRJ-0005,WP-023,Foundations (2),235418.7,241486.35,0.9714,0.8947
PRJ-0005,WP-024,Structure (2),103848.97,99720.42,0.9714,0.9915
PRJ-0005,WP-025,Masonry (2),63335.64,60939.48,0.9714,1.0
PRJ-0005,WP-026,Roofing (2),11203.31,11159.19,0.9714,1.0
PRJ-0005,WP-027,Waterproofing (2),567290.85,649638.98,0.9714,1.0
PRJ-0005,WP-028,Facade (2),42529.03,49653.71,0.9714,0.9949
PRJ-0005,WP-029,Electrical (2),11414.75,11490.86,0.9714,1.0
PRJ-0005,WP-030,Plumbing (2),479923.62,530191.87,0.9714,0.9398
PRJ-0005,WP-031,HVAC (2),54195.19,57554.42,0.9714,0.9574
PRJ-0005,WP-032,Fire Safety Systems (2),339561.89,381727.98,0.9714,1.0
PRJ-0005,WP-033,Elevators (2),3663.6,3759.0,0.9714,1.0
PRJ-0005,WP-034,Interior Finishes (2),566206.16,623031.74,0.9714,1.0
PRJ-0005,WP-035,Painting (2),32149.14,34313.75,0.9714,0.9858
PRJ-0005,WP-036,Landscaping (2),18177.61,21439.27,0.9714,0.8955
PRJ-0005,WP-037,Utilities Connection (2),31905.15,39357.24,0.9714,1.0
PRJ-0005,WP-038,Commissioning (2),587807.07,680988.23,0.9714,0.9177
PRJ-0005,WP-039,Final Cleaning (2),62745.56,69545.8,0.9714,1.0
PRJ-0005,WP-040,Demolition (2),232746.26,240198.44,0.9714,0.9986
PRJ-0005,WP-041,Site Preparation (3),172683.68,185501.77,0.9714,0.9731
PRJ-0005,WP-042,Earthworks (3),14769.56,14971.95,0.9714,0.9912
PRJ-0005,WP-043,Foundations (3),143628.82,154495.62,0.9714,1.0
PRJ-0005,WP-044,Structure (3),151519.04,151652.29,0.9714,0.9908
PRJ-0005,WP-045,Masonry (3),62327.29,68521.28,0.9714,0.9833
PRJ-0005,WP-046,Roofing (3),141869.03,183277.22,0.9714,1.0
PRJ-0005,WP-047,Waterproofing (3),70438.47,79954.24,0.9714,1.0
PRJ-0005,WP-048,Facade (3),155854.77,165962.48,0.9714,1.0
PRJ-0006,WP-001,Site Preparation,11872.83,11805.46,1.0,1.0
PRJ-0006,WP-002,Earthworks,31403.89,28145.28,1.0,0.9619
PRJ-0006,WP-003,Foundations,158284.59,161901.59,1.0,1.0
PRJ-0006,WP-004,Structure,44232.11,36226.98,1.0,1.0
PRJ-0006,WP-005,Masonry,227518.91,216235.18,1.0,1.0
PRJ-0006,WP-006,Roofing,184482.17,164900.93,1.0,0.9895
PRJ-0006,WP-007,Waterproofing,336268.82,290246.36,1.0,0.9595
PRJ-0006,WP-008,Facade,93717.58,91355.75,1.0,1.0
PRJ-0006,WP-009,Electrical,11147.3,10224.47,1.0,1.0
PRJ-0006,WP-010,Plumbing,35815.32,30440.09,1.0,0.9224
PRJ-0006,WP-011,HVAC,236491.81,218118.87,1.0,1.0
PRJ-0006,WP-012,Fire Safety Systems,202912.07,196355.15,1.0,0.9643
PRJ-0006,WP-013,Elevators,36929.06,40948.64,1.0,1.0
PRJ-0006,WP-014,Interior Finishes,857.67,760.64,1.0,1.0
PRJ-0006,WP-015,Painting,194398.72,194758.37,1.0,0.9996
PRJ-0006,WP-016,Landscaping,53855.82,49011.47,1.0,1.0
PRJ-0006,WP-017,Utilities Connection,148079.95,149043.8,1.0,1.0
PRJ-0006,WP-018,Commissioning,196939.22,193846.92,1.0,0.9064
PRJ-0006,WP-019,Final Cleaning,226517.8,199465.85,1.0,1.0
PRJ-0006,WP-020,Demolition,24220.37,21463.03,1.0,0.9733
PRJ-0006,WP-021,Site Preparation (2),81265.2,71837.22,1.0,1.0
PRJ-0006,WP-022,Earthworks (2),118776.08,97242.94,1.0,1.0
PRJ-0006,WP-023,Foundations (2),17624.65,15850.92,1.0,0.931
PRJ-0006,WP-024,Structure (2),135712.89,126527.57,1.0,0.9289
PRJ-0006,WP-025,Masonry (2),10883.35,10716.1,1.0,1.0
PRJ-0006,WP-026,Roofing (2),19508.65,19522.81,1.0,0.8829
PRJ-0006,WP-027,Waterproofing (2),207862.56,181353.92,1.0,0.9663
PRJ-0006,WP-028,Facade (2),223701.33,195789.9,1.0,0.9415
PRJ-0006,WP-029,Electrical (2),17927.32,17121.83,1.0,1.0
PRJ-0006,WP-030,Plumbing (2),227525.32,233274.16,1.0,0.9915
PRJ-0006,WP-031,HVAC (2),37931.21,34344.86,1.0,0.964
PRJ-0006,WP-032,Fire Safety Systems (2),30761.64,27953.05,1.0,1.0
PRJ-0006,WP-033,Elevators (2),161388.21,143599.03,1.0,1.0
PRJ-0006,WP-034,Interior Finishes (2),134437.75,103802.17,1.0,1.0
PRJ-0006,WP-035,Painting (2),65682.08,61254.26,1.0,1.0
PRJ-0006,WP-036,Landscaping (2),19478.74,18332.27,1.0,0.9206
PRJ-0006,WP-037,Utilities Connection (2),56755.92,52679.07,1.0,1.0
PRJ-0006,WP-038,Commissioning (2),81413.86,84459.67,1.0,0.9508
PRJ-0006,WP-039,Final Cleaning (2),2992.11,2892.15,1.0,1.0
PRJ-0006,WP-040,Demolition (2),71387.93,56154.49,1.0,0.9595
PRJ-0006,WP-041,Site Preparation (3),218518.88,200768.04,1.0,1.0
PRJ-0006,WP-042,Earthworks (3),205592.08,194502.01,1.0,0.9976
PRJ-0006,WP-043,Foundations (3),168869.35,161761.78,1.0,1.0
PRJ-0006,WP-044,Structure (3),46147.13,40441.22,1.0,0.9772
PRJ-0006,WP-045,Masonry (3),1142.55,971.72,1.0,1.0
PRJ-0006,WP-046,Roofing (3),8387.45,7725.01,1.0,0.9909
PRJ-0006,WP-047,Waterproofing (3),218039.58,205481.62,1.0,0.939
PRJ-0006,WP-048,Facade (3),500.0,527.86,1.0,1.0
PRJ-0007,WP-001,Site Preparation,22178.7,18313.2,0.9556,1.0
PRJ-0007,WP-002,Earthworks,482162.65,371118.62,0.9556,1.0
PRJ-0007,WP-003,Foundations,315698.91,253134.73,0.9556,0.9832
PRJ-0007,WP-004,Structure,182898.77,155659.69,0.9556,0.9642
PRJ-0007,WP-005,Masonry,97128.84,74742.14,0.9556,1.0
PRJ-0007,WP-006,Roofing,14520.89,12470.7,0.9556,0.9744
PRJ-0007,WP-007,Waterproofing,742773.78,566096.92,0.9556,1.0
PRJ-0007,WP-008,Facade,1489.74,1209.53,0.9556,1.0
PRJ-0007,WP-009,Electrical,126638.41,100959.71,0.9556,0.9777
PRJ-0007,WP-010,Plumbing,346340.19,281791.47,0.9556,0.9478
PRJ-0007,WP-011,HVAC,246323.99,195295.63,0.9556,1.0
PRJ-0007,WP-012,Fire Safety Systems,53879.83,43490.98,0.9556,0.9545
PRJ-0007,WP-013,Elevators,484562.67,368208.31,0.9556,1.0
PRJ-0007,WP-014,Interior Finishes,143816.65,111157.33,0.9556,1.0
PRJ-0007,WP-015,Painting,312859.49,256756.83,0.9556,0.9551
PRJ-0007,WP-016,Landscaping,89329.75,64817.6,0.9556,0.9927
PRJ-0007,WP-017,Utilities Connection,374885.5,278314.21,0.9556,1.0
PRJ-0007,WP-018,Commissioning,320710.02,234620.54,0.9556,0.9315
PRJ-0007,WP-019,Final Cleaning,1503372.88,1165449.3,0.9556,1.0
PRJ-0007,WP-020,Demolition,303128.9,226031.59,0.9556,1.0
PRJ-0007,WP-021,Site Preparation (2),68079.17,58281.61,0.9556,0.9692
PRJ-0007,WP-022,Earthworks (2),11218.07,8597.43,0.9556,0.9287
PRJ-0007,WP-023,Foundations (2),267729.84,196461.17,0.9556,0.9941
PRJ-0007,WP-024,Structure (2),406941.9,356685.26,0.9556,0.9717
PRJ-0007,WP-025,Masonry (2),476841.45,373593.28,0.9556,0.9935
PRJ-0007,WP-026,Roofing (2),133338.17,94375.92,0.9556,1.0
PRJ-0007,WP-027,Waterproofing (2),1273247.56,1069924.7,0.9556,0.9255
PRJ-0007,WP-028,Facade (2),240065.02,187855.19,0.9556,1.0
PRJ-0007,WP-029,Electrical (2),178760.19,129662.09,0.9556,1.0
PRJ-0007,WP-030,Plumbing (2),673129.48,466799.76,0.9556,0.9779
PRJ-0007,WP-031,HVAC (2),1063786.81,774206.29,0.9556,1.0
PRJ-0007,WP-032,Fire Safety Systems (2),120476.22,99402.14,0.9556,0.9056
PRJ-0007,WP-033,Elevators (2),524396.47,400058.37,0.9556,0.9252
PRJ-0007,WP-034,Interior Finishes (2),791057.58,642533.16,0.9556,0.9658
PRJ-0007,WP-035,Painting (2),112020.45,85072.06,0.9556,1.0
PRJ-0007,WP-036,Landscaping (2),60711.52,46690.73,0.9556,0.9731
PRJ-0007,WP-037,Utilities Connection (2),127209.29,112197.9,0.9556,1.0
PRJ-0007,WP-038,Commissioning (2),278663.09,214099.94,0.9556,0.9725
PRJ-0007,WP-039,Final Cleaning (2),813800.53,584392.31,0.9556,0.9405
PRJ-0007,WP-040,Demolition (2),31664.79,25444.18,0.9556,0.9877
PRJ-0007,WP-041,Site Preparation (3),505156.33,402740.74,0.9556,1.0
PRJ-0007,WP-042,Earthworks (3),76626.86,57338.94,0.9556,1.0
PRJ-0007,WP-043,Foundations (3),500450.64,373622.06,0.9556,0.9942
PRJ-0007,WP-044,Structure (3),446771.19,351211.52,0.9556,1.0
PRJ-0007,WP-045,Masonry (3),173431.86,135066.62,0.9556,1.0
PRJ-0007,WP-046,Roofing (3),477877.58,356612.84,0.9556,1.0
PRJ-0007,WP-047,Waterproofing (3),201839.61,152451.57,0.9556,0.9605
PRJ-0007,WP-048,Facade (3),197547.41,140378.56,0.9556,0.9447
PRJ-0007,WP-049,Electrical (3),187236.67,140314.51,0.9556,0.9757
PRJ-0007,WP-050,Plumbing (3),39550.52,28538.63,0.9556,1.0
PRJ-0007,WP-051,HVAC (3),154575.05,118985.6,0.9556,1.0
PRJ-0007,WP-052,Fire Safety Systems (3),55397.55,43135.13,0.9556,1.0
PRJ-0007,WP-053,Elevators (3),284205.94,228981.77,0.9556,1.0
PRJ-0007,WP-054,Interior Finishes (3),214595.42,175226.51,0.9556,1.0
PRJ-0008,WP-001,Site Preparation,222268.18,180265.63,0.9681,0.9854
PRJ-0008,WP-002,Earthworks,515988.81,596674.73,0.9681,0.9594
PRJ-0008,WP-003,Foundations,511701.09,555377.98,0.9681,0.9683
PRJ-0008,WP-004,Structure,855238.67,882968.91,0.9681,1.0
PRJ-0008,WP-005,Masonry,308974.23,273719.01,0.9681,1.0
PRJ-0008,WP-006,Roofing,98307.49,84411.78,0.9681,0.9717
PRJ-0008,WP-007,Waterproofing,714742.55,666486.5,0.9681,1.0
PRJ-0008,WP-008,Facade,50980.9,45790.87,0.9681,1.0
PRJ-0008,WP-009,Electrical,1211137.67,1204972.87,0.9681,0.9792
PRJ-0008,WP-010,Plumbing,430623.86,436612.85,0.9681,1.0
PRJ-0008,WP-011,HVAC,236817.37,251435.12,0.9681,1.0
PRJ-0008,WP-012,Fire Safety Systems,197298.34,177265.67,0.9681,0.9198
PRJ-0008,WP-013,Elevators,798993.33,690029.3,0.9681,0.9871
PRJ-0008,WP-014,Interior Finishes,72004.45,74938.39,0.9681,1.0
PRJ-0008,WP-015,Painting,470568.45,470229.46,0.9681,0.9898
PRJ-0008,WP-016,Landscaping,730801.08,712240.38,0.9681,0.956
PRJ-0008,WP-017,Utilities Connection,1812272.06,1865538.12,0.9681,1.0
PRJ-0008,WP-018,Commissioning,819219.43,749850.95,0.9681,1.0
PRJ-0008,WP-019,Final Cleaning,548363.79,528603.83,0.9681,1.0
PRJ-0008,WP-020,Demolition,209591.52,208003.35,0.9681,0.9623
PRJ-0008,WP-021,Site Preparation (2),3766.14,3129.74,0.9681,1.0
PRJ-0008,WP-022,Earthworks (2),2684925.85,2628148.87,0.9681,0.9252
PRJ-0008,WP-023,Foundations (2),60867.38,65418.36,0.9681,0.9683
PRJ-0008,WP-024,Structure (2),1138323.13,1058771.34,0.9681,1.0
PRJ-0008,WP-025,Masonry (2),78753.03,73028.67,0.9681,1.0
PRJ-0008,WP-026,Roofing (2),45909.5,46682.06,0.9681,1.0
PRJ-0008,WP-027,Waterproofing (2),521979.32,496778.4,0.9681,1.0
PRJ-0008,WP-028,Facade (2),623915.85,615287.49,0.9681,1.0
PRJ-0008,WP-029,Electrical (2),42598.11,34557.39,0.9681,0.9505
PRJ-0008,WP-030,Plumbing (2),298556.95,305500.34,0.9681,0.9568
PRJ-0008,WP-031,HVAC (2),495568.75,476569.25,0.9681,0.9739
PRJ-0008,WP-032,Fire Safety Systems (2),196566.58,199911.76,0.9681,0.9975
PRJ-0008,WP-033,Elevators (2),102177.87,85762.08,0.9681,0.9925
PRJ-0008,WP-034,Interior Finishes (2),164188.74,155069.93,0.9681,1.0
PRJ-0008,WP-035,Painting (2),574957.66,514120.37,0.9681,1.0
PRJ-0008,WP-036,Landscaping (2),125729.0,115802.11,0.9681,0.9999
PRJ-0008,WP-037,Utilities Connection (2),350744.17,355292.99,0.9681,1.0
PRJ-0008,WP-038,Commissioning (2),17042.04,17059.81,0.9681,0.9562
PRJ-0008,WP-039,Final Cleaning (2),580495.3,536516.83,0.9681,1.0
PRJ-0008,WP-040,Demolition (2),544426.04,484090.82,0.9681,0.9981
PRJ-0008,WP-041,Site Preparation (3),632893.79,640585.67,0.9681,1.0
PRJ-0008,WP-042,Earthworks (3),277509.99,261310.51,0.9681,0.9855
PRJ-0008,WP-043,Foundations (3),127159.82,114462.19,0.9681,0.9776
PRJ-0008,WP-044,Structure (3),177571.96,176463.89,0.9681,0.9671
PRJ-0008,WP-045,Masonry (3),680648.92,671424.49,0.9681,0.9436
PRJ-0008,WP-046,Roofing (3),480288.19,496470.24,0.9681,1.0
PRJ-0009,WP-001,Site Preparation,501938.84,489565.54,1.0,1.0
PRJ-0009,WP-002,Earthworks,151113.59,152733.85,1.0,1.0
PRJ-0009,WP-003,Foundations,1745534.73,1651041.0,1.0,0.9459
PRJ-0009,WP-004,Structure,1203994.92,1137500.69,1.0,0.9799
PRJ-0009,WP-005,Masonry,324071.93,290121.28,1.0,1.0
PRJ-0009,WP-006,Roofing,268816.59,228401.35,1.0,1.0
PRJ-0009,WP-007,Waterproofing,295482.16,275419.92,1.0,0.9716
PRJ-0009,WP-008,Facade,440766.55,465741.46,1.0,0.999
PRJ-0009,WP-009,Electrical,1268273.07,1243726.03,1.0,1.0
PRJ-0009,WP-010,Plumbing,1553548.38,1449530.18,1.0,1.0
PRJ-0009,WP-011,HVAC,3410797.33,3250803.9,1.0,0.9662
PRJ-0009,WP-012,Fire Safety Systems,1048745.59,923028.36,1.0,1.0
PRJ-0009,WP-013,Elevators,3137705.4,2817638.09,1.0,0.9953
PRJ-0009,WP-014,Interior Finishes,692983.57,602087.18,1.0,1.0
PRJ-0009,WP-015,Painting,684034.08,748664.82,1.0,0.9871
PRJ-0009,WP-016,Landscaping,34179.92,29238.68,1.0,0.949
PRJ-0009,WP-017,Utilities Connection,678814.34,712721.39,1.0,0.9931
PRJ-0009,WP-018,Commissioning,792507.28,701658.95,1.0,0.977
PRJ-0009,WP-019,Final Cleaning,1620120.79,1360013.68,1.0,1.0
PRJ-0009,WP-020,Demolition,468734.0,501957.89,1.0,0.9808
PRJ-0009,WP-021,Site Preparation (2),45730.18,50515.5,1.0,1.0
PRJ-0009,WP-022,Earthworks (2),399566.3,386641.21,1.0,0.9762
PRJ-0009,WP-023,Foundations (2),471001.25,399266.97,1.0,0.9336
PRJ-0009,WP-024,Structure (2),532665.88,554021.94,1.0,0.8861
PRJ-0009,WP-025,Masonry (2),167476.2,140800.22,1.0,1.0
PRJ-0009,WP-026,Roofing (2),1761607.72,1655169.46,1.0,0.9362
PRJ-0009,WP-027,Waterproofing (2),1275215.38,1104517.32,1.0,1.0
PRJ-0010,WP-001,Site Preparation,1094056.66,1134889.38,0.9505,0.9272
PRJ-0010,WP-002,Earthworks,457880.29,433973.61,0.9505,1.0
PRJ-0010,WP-003,Foundations,135218.12,131070.27,0.9505,0.9628
PRJ-0010,WP-004,Structure,67067.02,74874.97,0.9505,1.0
PRJ-0010,WP-005,Masonry,623366.02,684647.35,0.9505,0.9846
PRJ-0010,WP-006,Roofing,39672.96,32682.09,0.9505,1.0
PRJ-0010,WP-007,Waterproofing,55002.46,52644.03,0.9505,0.9669
PRJ-0010,WP-008,Facade,58490.98,63329.45,0.9505,1.0
PRJ-0010,WP-009,Electrical,20612.85,18719.49,0.9505,0.9744
PRJ-0010,WP-010,Plumbing,109601.74,116000.28,0.9505,1.0
PRJ-0010,WP-011,HVAC,9581.42,11009.75,0.9505,0.9321
PRJ-0010,WP-012,Fire Safety Systems,192700.58,217175.41,0.9505,1.0
PRJ-0010,WP-013,Elevators,524635.59,522991.34,0.9505,1.0
PRJ-0010,WP-014,Interior Finishes,102807.97,122040.49,0.9505,0.9242
PRJ-0010,WP-015,Painting,99888.3,98137.33,0.9505,0.9564
PRJ-0010,WP-016,Landscaping,226368.15,246741.64,0.9505,1.0
PRJ-0010,WP-017,Utilities Connection,130366.47,139109.71,0.9505,0.9782
PRJ-0010,WP-018,Commissioning,166038.75,172709.28,0.9505,0.9905
PRJ-0010,WP-019,Final Cleaning,77485.97,74780.47,0.9505,0.9395
PRJ-0010,WP-020,Demolition,214469.68,221941.32,0.9505,1.0
PRJ-0010,WP-021,Site Preparation (2),168709.76,146448.87,0.9505,0.9322
PRJ-0010,WP-022,Earthworks (2),494495.03,490636.24,0.9505,0.9905
PRJ-0010,WP-023,Foundations (2),590099.77,606175.03,0.9505,0.9605
PRJ-0010,WP-024,Structure (2),607642.32,583234.69,0.9505,1.0
PRJ-0010,WP-025,Masonry (2),69886.93,59065.31,0.9505,0.9339
PRJ-0010,WP-026,Roofing (2),78060.11,92757.37,0.9505,1.0
PRJ-0010,WP-027,Waterproofing (2),506446.58,518245.47,0.9505,0.9772
PRJ-0010,WP-028,Facade (2),334116.35,335308.82,0.9505,0.9303
PRJ-0010,WP-029,Electrical (2),137622.8,136064.43,0.9505,0.996
PRJ-0010,WP-030,Plumbing (2),212534.94,199135.76,0.9505,1.0
PRJ-0010,WP-031,HVAC (2),23509.88,22250.27,0.9505,1.0
PRJ-0010,WP-032,Fire Safety Systems (2),45021.65,40569.84,0.9505,1.0
PRJ-0010,WP-033,Elevators (2),89444.51,95281.99,0.9505,0.9595
PRJ-0010,WP-034,Interior Finishes (2),236441.86,255430.06,0.9505,1.0
PRJ-0010,WP-035,Painting (2),100185.26,114516.44,0.9505,1.0
PRJ-0010,WP-036,Landscaping (2),463026.34,506175.55,0.9505,0.9373
PRJ-0010,WP-037,Utilities Connection (2),145383.48,162612.03,0.9505,0.9988
PRJ-0010,WP-038,Commissioning (2),14757.56,14156.12,0.9505,0.9662
PRJ-0010,WP-039,Final Cleaning (2),1705.75,2092.16,0.9505,1.0
PRJ-0010,WP-040,Demolition (2),209880.02,196001.52,0.9505,1.0
PRJ-0010,WP-041,Site Preparation (3),229511.26,206466.57,0.9505,1.0
PRJ-0010,WP-042,Earthworks (3),158160.91,162954.33,0.9505,1.0
PRJ-0010,WP-043,Foundations (3),40259.05,36958.38,0.9505,1.0
PRJ-0010,WP-044,Structure (3),161590.92,153605.84,0.9505,0.9381
PRJ-0010,WP-045,Masonry (3),253120.83,263451.61,0.9505,1.0
PRJ-0010,WP-046,Roofing (3),239809.04,229321.72,0.9505,0.9269
PRJ-0010,WP-047,Waterproofing (3),490993.94,522948.08,0.9505,1.0
PRJ-0010,WP-048,Facade (3),445742.63,437946.42,0.9505,1.0
PRJ-0010,WP-049,Electrical (3),73831.16,73953.83,0.9505,0.9958
PRJ-0010,WP-050,Plumbing (3),92828.14,98811.69,0.9505,0.9583
PRJ-0010,WP-051,HVAC (3),52870.46,49774.0,0.9505,1.0
PRJ-0010,WP-052,Fire Safety Systems (3),140572.42,135432.93,0.9505,1.0
PRJ-0010,WP-053,Elevators (3),11260.34,10292.05,0.9505,1.0
PRJ-0010,WP-054,Interior Finishes (3),381954.17,364713.04,0.9505,1.0
PRJ-0010,WP-055,Painting (3),2585.99,2855.59,0.9505,0.9887
PRJ-0010,WP-056,Landscaping (3),446638.52,434229.16,0.9505,1.0
PRJ-0010,WP-057,Utilities Connection (3),1065435.45,970813.55,0.9505,0.977
PRJ-0010,WP-058,Commissioning (3),244304.85,244435.81,0.9505,0.9935
PRJ-0010,WP-059,Final Cleaning (3),149524.07,134545.23,0.9505,1.0
PRJ-0010,WP-060,Demolition (3),637972.85,629765.8,0.9505,0.9982
PRJ-0011,WP-001,Site Preparation,38789.0,38590.87,1.0,0.9158
PRJ-0011,WP-002,Earthworks,36561.45,33580.48,1.0,0.9619
PRJ-0011,WP-003,Foundations,332999.58,324107.62,1.0,0.9921
PRJ-0011,WP-004,Structure,22374.11,25183.71,1.0,0.9885
PRJ-0011,WP-005,Masonry,97045.41,105677.45,1.0,0.9674
PRJ-0011,WP-006,Roofing,17782.7,16939.74,1.0,1.0
PRJ-0011,WP-007,Waterproofing,27088.17,26722.6,1.0,0.9558
PRJ-0011,WP-008,Facade,81860.38,84974.98,1.0,0.9668
PRJ-0011,WP-009,Electrical,83851.25,99329.27,1.0,1.0
PRJ-0011,WP-010,Plumbing,55702.4,63165.12,1.0,1.0
PRJ-0011,WP-011,HVAC,55848.79,62165.76,1.0,0.9397
PRJ-0011,WP-012,Fire Safety Systems,191673.66,179364.07,1.0,1.0
PRJ-0011,WP-013,Elevators,229786.45,265848.1,1.0,0.9721
PRJ-0011,WP-014,Interior Finishes,91598.57,88407.44,1.0,0.969
PRJ-0011,WP-015,Painting,144121.02,145917.6,1.0,1.0
PRJ-0011,WP-016,Landscaping,79735.1,78270.19,1.0,0.9504
PRJ-0011,WP-017,Utilities Connection,193830.51,190604.71,1.0,0.9856
PRJ-0011,WP-018,Commissioning,22217.32,19267.98,1.0,0.9948
PRJ-0011,WP-019,Final Cleaning,411510.63,401106.87,1.0,1.0
PRJ-0011,WP-020,Demolition,108793.21,109963.72,1.0,0.964
PRJ-0011,WP-021,Site Preparation (2),2278.23,2165.78,1.0,1.0
PRJ-0011,WP-022,Earthworks (2),18882.03,15978.08,1.0,1.0
PRJ-0011,WP-023,Foundations (2),146195.59,135884.39,1.0,1.0
PRJ-0011,WP-024,Structure (2),314584.16,327721.18,1.0,0.9371
PRJ-0011,WP-025,Masonry (2),134908.62,144310.07,1.0,1.0
PRJ-0011,WP-026,Roofing (2),140479.68,124442.75,1.0,1.0
PRJ-0011,WP-027,Waterproofing (2),58694.02,58589.44,1.0,1.0
PRJ-0011,WP-028,Facade (2),308630.33,315042.24,1.0,0.9426
PRJ-0011,WP-029,Electrical (2),155803.98,150480.12,1.0,1.0
PRJ-0011,WP-030,Plumbing (2),2107.21,2223.65,1.0,0.9148
PRJ-0011,WP-031,HVAC (2),104222.04,102363.51,1.0,1.0
PRJ-0011,WP-032,Fire Safety Systems (2),166290.98,213748.62,1.0,1.0
PRJ-0011,WP-033,Elevators (2),197591.89,218141.7,1.0,1.0
PRJ-0011,WP-034,Interior Finishes (2),43603.78,50974.5,1.0,0.9263
PRJ-0011,WP-035,Painting (2),45722.23,42946.3,1.0,1.0
PRJ-0011,WP-036,Landscaping (2),91826.63,90522.34,1.0,1.0
PRJ-0011,WP-037,Utilities Connection (2),51863.57,55568.18,1.0,0.9482
PRJ-0011,WP-038,Commissioning (2),32317.33,32612.06,1.0,0.9825
PRJ-0011,WP-039,Final Cleaning (2),117718.99,113429.28,1.0,0.9629
PRJ-0011,WP-040,Demolition (2),48813.83,46027.31,1.0,1.0
PRJ-0011,WP-041,Site Preparation (3),27104.34,23688.25,1.0,0.9755
PRJ-0011,WP-042,Earthworks (3),49200.06,47212.53,1.0,1.0
PRJ-0011,WP-043,Foundations (3),15823.06,15595.96,1.0,0.9894
PRJ-0011,WP-044,Structure (3),64557.43,75946.43,1.0,1.0
PRJ-0011,WP-045,Masonry (3),22604.74,21269.45,1.0,0.9971
PRJ-0011,WP-046,Roofing (3),13061.19,13711.7,1.0,0.916
PRJ-0012,WP-001,Site Preparation,124171.67,135681.25,0.9806,0.8941
PRJ-0012,WP-002,Earthworks,322323.83,360200.61,0.9806,0.9787
PRJ-0012,WP-003,Foundations,155427.5,179382.54,0.9806,1.0
PRJ-0012,WP-004,Structure,278492.5,342792.44,0.9806,0.9462
PRJ-0012,WP-005,Masonry,256259.61,316371.79,0.9806,0.9276
PRJ-0012,WP-006,Roofing,593293.3,763319.1,0.9806,0.9491
PRJ-0012,WP-007,Waterproofing,48805.27,64654.35,0.9806,1.0
PRJ-0012,WP-008,Facade,483869.36,606632.76,0.9806,0.9068
PRJ-0012,WP-009,Electrical,218225.93,260546.21,0.9806,0.9443
PRJ-0012,WP-010,Plumbing,472025.59,478534.72,0.9806,1.0
PRJ-0012,WP-011,HVAC,453287.46,602749.6,0.9806,1.0
PRJ-0012,WP-012,Fire Safety Systems,147508.35,168298.38,0.9806,0.9881
PRJ-0012,WP-013,Elevators,240642.04,241695.66,0.9806,0.9512
PRJ-0012,WP-014,Interior Finishes,675404.58,709098.93,0.9806,0.9795
PRJ-0012,WP-015,Painting,562890.22,648339.67,0.9806,0.9625
PRJ-0012,WP-016,Landscaping,110374.74,135464.83,0.9806,0.9782
PRJ-0012,WP-017,Utilities Connection,12564.22,17508.42,0.9806,1.0
PRJ-0012,WP-018,Commissioning,287634.96,327280.89,0.9806,0.9251
PRJ-0012,WP-019,Final Cleaning,133644.25,144876.93,0.9806,1.0
PRJ-0012,WP-020,Demolition,51026.93,62493.97,0.9806,0.9608
PRJ-0012,WP-021,Site Preparation (2),133813.57,139571.71,0.9806,1.0
PRJ-0012,WP-022,Earthworks (2),807150.44,939861.44,0.9806,1.0
PRJ-0012,WP-023,Foundations (2),31606.38,35449.06,0.9806,1.0
PRJ-0012,WP-024,Structure (2),150829.42,173700.41,0.9806,1.0
PRJ-0012,WP-025,Masonry (2),6051.13,6319.61,0.9806,0.8776
PRJ-0012,WP-026,Roofing (2),404674.52,421355.56,0.9806,0.9747
PRJ-0012,WP-027,Waterproofing (2),46738.56,51379.86,0.9806,1.0
PRJ-0012,WP-028,Facade (2),118416.02,140104.27,0.9806,0.9772
PRJ-0012,WP-029,Electrical (2),205270.39,237226.8,0.9806,0.9274
PRJ-0012,WP-030,Plumbing (2),48831.62,46701.96,0.9806,0.9979
PRJ-0012,WP-031,HVAC (2),662112.47,661240.69,0.9806,0.9833
PRJ-0012,WP-032,Fire Safety Systems (2),378464.66,433824.27,0.9806,1.0
PRJ-0012,WP-033,Elevators (2),40071.36,51275.33,0.9806,0.9949
PRJ-0012,WP-034,Interior Finishes (2),811924.6,861718.71,0.9806,0.9893
PRJ-0012,WP-035,Painting (2),526099.44,633072.75,0.9806,1.0
PRJ-0012,WP-036,Landscaping (2),201458.65,205201.44,0.9806,1.0
PRJ-0012,WP-037,Utilities Connection (2),149574.66,183376.02,0.9806,0.971
PRJ-0012,WP-038,Commissioning (2),706254.36,848919.77,0.9806,1.0
PRJ-0012,WP-039,Final Cleaning (2),49085.8,63424.3,0.9806,0.943
PRJ-0013,WP-001,Site Preparation,357127.05,414746.81,1.0,0.9454
PRJ-0013,WP-002,Earthworks,1443092.13,1856837.22,1.0,0.9709
PRJ-0013,WP-003,Foundations,1148457.17,1224425.84,1.0,0.9341
PRJ-0013,WP-004,Structure,545378.61,585408.89,1.0,0.9924
PRJ-0013,WP-005,Masonry,659754.68,821823.32,1.0,0.949
PRJ-0013,WP-006,Roofing,593306.83,728620.87,1.0,0.9501
PRJ-0013,WP-007,Waterproofing,249829.4,278209.47,1.0,0.9445
PRJ-0013,WP-008,Facade,559367.99,566981.61,1.0,0.9866
PRJ-0013,WP-009,Electrical,392970.4,390768.29,1.0,0.9259
PRJ-0013,WP-010,Plumbing,789970.94,810266.27,1.0,0.971
PRJ-0013,WP-011,HVAC,141741.91,159439.38,1.0,0.9516
PRJ-0013,WP-012,Fire Safety Systems,1000540.85,1101767.12,1.0,1.0
PRJ-0013,WP-013,Elevators,610282.79,620511.35,1.0,0.9289
PRJ-0013,WP-014,Interior Finishes,73580.31,83023.09,1.0,0.9936
PRJ-0013,WP-015,Painting,712559.79,694573.02,1.0,0.9615
PRJ-0013,WP-016,Landscaping,1872983.13,1928158.55,1.0,1.0
PRJ-0013,WP-017,Utilities Connection,198443.75,219343.75,1.0,0.9499
PRJ-0013,WP-018,Commissioning,182941.54,191034.35,1.0,0.9243
PRJ-0013,WP-019,Final Cleaning,552774.28,524144.36,1.0,0.9238
PRJ-0013,WP-020,Demolition,774755.43,838841.66,1.0,1.0
PRJ-0013,WP-021,Site Preparation (2),498480.53,647582.05,1.0,0.9565
PRJ-0013,WP-022,Earthworks (2),40374.63,46629.87,1.0,0.9457
PRJ-0013,WP-023,Foundations (2),29014.18,35287.26,1.0,0.9272
PRJ-0013,WP-024,Structure (2),415017.87,450772.81,1.0,0.9576
PRJ-0013,WP-025,Masonry (2),255269.94,257757.25,1.0,0.8295
PRJ-0013,WP-026,Roofing (2),593807.86,653520.66,1.0,0.937
PRJ-0013,WP-027,Waterproofing (2),224549.42,245797.01,1.0,0.9473
PRJ-0013,WP-028,Facade (2),387333.53,454462.57,1.0,0.8684
PRJ-0013,WP-029,Electrical (2),805501.66,860517.01,1.0,0.896
PRJ-0014,WP-001,Site Preparation,239317.9,233610.13,0.9973,1.0
PRJ-0014,WP-002,Earthworks,135072.84,173154.46,0.9973,0.9918
PRJ-0014,WP-003,Foundations,139846.95,138947.01,0.9973,0.9766
PRJ-0014,WP-004,Structure,741298.82,794541.34,0.9973,0.916
PRJ-0014,WP-005,Masonry,82170.42,98151.26,0.9973,1.0
PRJ-0014,WP-006,Roofing,20197.64,23675.9,0.9973,0.982
PRJ-0014,WP-007,Waterproofing,339327.56,435593.92,0.9973,1.0
PRJ-0014,WP-008,Facade,550112.46,693641.06,0.9973,1.0
PRJ-0014,WP-009,Electrical,98335.62,116286.77,0.9973,1.0
PRJ-0014,WP-010,Plumbing,36604.94,38272.79,0.9973,0.9507
PRJ-0014,WP-011,HVAC,113074.39,132376.91,0.9973,0.9771
PRJ-0014,WP-012,Fire Safety Systems,12221.96,14063.21,0.9973,0.9351
PRJ-0014,WP-013,Elevators,73190.49,77618.2,0.9973,0.9656
PRJ-0014,WP-014,Interior Finishes,330823.69,371248.25,0.9973,1.0
PRJ-0014,WP-015,Painting,150181.22,158755.7,0.9973,0.9689
PRJ-0014,WP-016,Landscaping,51008.24,51862.93,0.9973,1.0
PRJ-0014,WP-017,Utilities Connection,336330.71,398600.89,0.9973,0.9743
PRJ-0014,WP-018,Commissioning,12677.94,12932.9,0.9973,1.0
PRJ-0014,WP-019,Final Cleaning,17790.4,22807.02,0.9973,0.9497
PRJ-0014,WP-020,Demolition,61162.72,63986.04,0.9973,0.9413
PRJ-0014,WP-021,Site Preparation (2),156932.38,162684.8,0.9973,1.0
PRJ-0014,WP-022,Earthworks (2),414106.84,445224.05,0.9973,0.9539
PRJ-0014,WP-023,Foundations (2),4442.61,4858.68,0.9973,1.0
PRJ-0014,WP-024,Structure (2),172156.97,189567.09,0.9973,1.0
PRJ-0014,WP-025,Masonry (2),38413.71,45933.33,0.9973,0.9638
PRJ-0014,WP-026,Roofing (2),5443.44,5596.04,0.9973,0.9644
PRJ-0014,WP-027,Waterproofing (2),10360.99,14943.39,0.9973,0.9847
PRJ-0014,WP-028,Facade (2),299148.34,323270.32,0.9973,1.0
PRJ-0014,WP-029,Electrical (2),223427.33,216518.71,0.9973,1.0
PRJ-0014,WP-030,Plumbing (2),85024.12,89223.41,0.9973,1.0
PRJ-0014,WP-031,HVAC (2),9675.41,10419.67,0.9973,0.9907
PRJ-0014,WP-032,Fire Safety Systems (2),223945.22,240501.07,0.9973,0.9635
PRJ-0014,WP-033,Elevators (2),238361.24,225155.31,0.9973,0.8804
PRJ-0014,WP-034,Interior Finishes (2),19130.02,20223.79,0.9973,1.0
PRJ-0014,WP-035,Painting (2),158080.0,169987.96,0.9973,0.9409
PRJ-0014,WP-036,Landscaping (2),333591.19,435501.02,0.9973,1.0
PRJ-0014,WP-037,Utilities Connection (2),728469.5,723028.15,0.9973,1.0
PRJ-0015,WP-001,Site Preparation,130317.02,122600.39,0.8346,0.7437
PRJ-0015,WP-002,Earthworks,357846.91,312772.35,0.8346,0.6476
PRJ-0015,WP-003,Foundations,324453.78,274355.29,0.8346,0.6896
PRJ-0015,WP-004,Structure,56171.34,53128.91,0.8346,0.7016
PRJ-0015,WP-005,Masonry,683666.01,724272.12,0.8346,0.7495
PRJ-0015,WP-006,Roofing,87768.99,83166.64,0.8346,0.7211
PRJ-0015,WP-007,Waterproofing,80537.31,78634.14,0.8346,0.8027
PRJ-0015,WP-008,Facade,1071980.91,884589.27,0.8346,0.789
PRJ-0015,WP-009,Electrical,17242.3,16287.7,0.8346,0.6445
PRJ-0015,WP-010,Plumbing,158508.88,145877.56,0.8346,0.76
PRJ-0015,WP-011,HVAC,310837.96,283063.06,0.8346,0.6694
PRJ-0015,WP-012,Fire Safety Systems,290642.22,263162.49,0.8346,0.8045
PRJ-0015,WP-013,Elevators,31000.3,32365.94,0.8346,0.7606
PRJ-0015,WP-014,Interior Finishes,25642.29,26395.24,0.8346,0.7212
PRJ-0015,WP-015,Painting,93429.5,97269.63,0.8346,0.7089
PRJ-0015,WP-016,Landscaping,354868.49,351710.36,0.8346,0.747
PRJ-0015,WP-017,Utilities Connection,330156.74,298070.98,0.8346,0.7872
PRJ-0015,WP-018,Commissioning,164499.37,167130.21,0.8346,0.7444
PRJ-0015,WP-019,Final Cleaning,75605.99,79705.83,0.8346,0.7209
PRJ-0015,WP-020,Demolition,215352.72,207102.72,0.8346,0.6803
PRJ-0015,WP-021,Site Preparation (2),305068.43,282171.75,0.8346,0.7186
PRJ-0015,WP-022,Earthworks (2),20201.33,19262.01,0.8346,0.7876
PRJ-0015,WP-023,Foundations (2),127526.95,127246.77,0.8346,0.7689
PRJ-0015,WP-024,Structure (2),685631.16,595245.36,0.8346,0.7955
PRJ-0015,WP-025,Masonry (2),893220.91,874536.26,0.8346,0.6778
PRJ-0015,WP-026,Roofing (2),285275.9,291210.33,0.8346,0.6471
PRJ-0015,WP-027,Waterproofing (2),36842.76,33760.51,0.8346,0.7638
PRJ-0015,WP-028,Facade (2),557081.32,532680.34,0.8346,0.6576
PRJ-0015,WP-029,Electrical (2),231606.99,229952.87,0.8346,0.7954
PRJ-0015,WP-030,Plumbing (2),521480.1,480543.05,0.8346,0.7656
PRJ-0015,WP-031,HVAC (2),759033.21,583395.66,0.8346,0.7428
PRJ-0015,WP-032,Fire Safety Systems (2),51516.4,59644.54,0.8346,0.6713
PRJ-0015,WP-033,Elevators (2),539582.26,508626.98,0.8346,0.7273
PRJ-0015,WP-034,Interior Finishes (2),101786.8,99531.71,0.8346,0.7187
PRJ-0015,WP-035,Painting (2),683569.21,702060.65,0.8346,0.7451
PRJ-0015,WP-036,Landscaping (2),40917.69,35643.68,0.8346,0.813
PRJ-0015,WP-037,Utilities Connection (2),184496.09,157321.25,0.8346,0.6786
PRJ-0015,WP-038,Commissioning (2),118074.09,114103.07,0.8346,0.7107
PRJ-0015,WP-039,Final Cleaning (2),3630.43,3349.8,0.8346,0.7223
PRJ-0015,WP-040,Demolition (2),377242.95,370439.52,0.8346,0.7991
PRJ-0015,WP-041,Site Preparation (3),11277.56,10799.3,0.8346,0.7326
PRJ-0016,WP-001,Site Preparation,70452.5,76128.76,1.0,1.0
PRJ-0016,WP-002,Earthworks,384156.72,369557.64,1.0,1.0
PRJ-0016,WP-003,Foundations,482779.42,410771.0,1.0,1.0
PRJ-0016,WP-004,Structure,148029.99,153654.9,1.0,0.9813
PRJ-0016,WP-005,Masonry,896227.23,983213.21,1.0,1.0
PRJ-0016,WP-006,Roofing,50022.46,52703.58,1.0,1.0
PRJ-0016,WP-007,Waterproofing,221177.44,241968.31,1.0,0.9767
PRJ-0016,WP-008,Facade,561046.16,548267.98,1.0,0.9938
PRJ-0016,WP-009,Electrical,163786.58,196129.87,1.0,0.9992
PRJ-0016,WP-010,Plumbing,350854.65,379476.15,1.0,1.0
PRJ-0016,WP-011,HVAC,25302.35,23726.73,1.0,0.8859
PRJ-0016,WP-012,Fire Safety Systems,153696.29,145982.84,1.0,1.0
PRJ-0016,WP-013,Elevators,236929.39,272334.27,1.0,1.0
PRJ-0016,WP-014,Interior Finishes,697666.48,787143.07,1.0,1.0
PRJ-0016,WP-015,Painting,309797.14,330618.46,1.0,0.9241
PRJ-0016,WP-016,Landscaping,409130.86,353192.87,1.0,0.9227
PRJ-0016,WP-017,Utilities Connection,401744.15,434676.9,1.0,0.9695
PRJ-0016,WP-018,Commissioning,4260.77,4474.35,1.0,1.0
PRJ-0016,WP-019,Final Cleaning,328196.94,330393.68,1.0,1.0
PRJ-0016,WP-020,Demolition,521609.2,512149.01,1.0,0.9164
PRJ-0016,WP-021,Site Preparation (2),546998.73,529674.79,1.0,1.0
PRJ-0016,WP-022,Earthworks (2),388332.06,413670.24,1.0,1.0
PRJ-0016,WP-023,Foundations (2),256229.61,246995.43,1.0,1.0
PRJ-0016,WP-024,Structure (2),78479.86,73562.64,1.0,0.979
PRJ-0016,WP-025,Masonry (2),389615.66,374850.67,1.0,1.0
PRJ-0016,WP-026,Roofing (2),359409.14,380667.06,1.0,0.9389
PRJ-0016,WP-027,Waterproofing (2),137325.38,138620.55,1.0,1.0
PRJ-0016,WP-028,Facade (2),1120251.77,1131547.31,1.0,0.9909
PRJ-0016,WP-029,Electrical (2),1120163.75,1130443.07,1.0,0.9857
PRJ-0016,WP-030,Plumbing (2),293404.34,263695.43,1.0,1.0
PRJ-0016,WP-031,HVAC (2),187161.3,197053.14,1.0,0.9096
PRJ-0016,WP-032,Fire Safety Systems (2),343757.2,353317.44,1.0,0.9712
PRJ-0016,WP-033,Elevators (2),1102723.17,1173607.54,1.0,1.0
PRJ-0016,WP-034,Interior Finishes (2),67401.61,67733.71,1.0,0.9159
PRJ-0016,WP-035,Painting (2),184164.72,177384.26,1.0,0.9209
PRJ-0016,WP-036,Landscaping (2),166289.84,159253.42,1.0,0.9762
PRJ-0016,WP-037,Utilities Connection (2),401097.63,402841.63,1.0,0.9988
PRJ-0016,WP-038,Commissioning (2),75036.21,76813.05,1.0,1.0
PRJ-0016,WP-039,Final Cleaning (2),1161797.48,1167320.17,1.0,1.0
PRJ-0016,WP-040,Demolition (2),239317.03,237739.85,1.0,1.0
PRJ-0016,WP-041,Site Preparation (3),102648.31,110142.81,1.0,1.0
PRJ-0016,WP-042,Earthworks (3),84703.8,93406.39,1.0,1.0
PRJ-0016,WP-043,Foundations (3),80650.68,92705.1,1.0,0.9578
PRJ-0016,WP-044,Structure (3),838253.89,976544.79,1.0,1.0
PRJ-0016,WP-045,Masonry (3),456686.03,478301.28,1.0,1.0
PRJ-0016,WP-046,Roofing (3),702940.67,771893.18,1.0,1.0
PRJ-0016,WP-047,Waterproofing (3),11626.59,11232.28,1.0,1.0
PRJ-0016,WP-048,Facade (3),501920.08,506382.29,1.0,1.0
PRJ-0016,WP-049,Electrical (3),959102.49,1047212.0,1.0,0.9462
PRJ-0016,WP-050,Plumbing (3),319811.92,309826.83,1.0,0.9816
PRJ-0016,WP-051,HVAC (3),436484.21,425842.6,1.0,1.0
PRJ-0016,WP-052,Fire Safety Systems (3),317148.98,333088.75,1.0,0.97
PRJ-0016,WP-053,Elevators (3),55142.67,57274.69,1.0,1.0
PRJ-0016,WP-054,Interior Finishes (3),195126.48,188010.42,1.0,0.9986
PRJ-0017,WP-001,Site Preparation,21335.67,22124.22,1.0,1.0
PRJ-0017,WP-002,Earthworks,373882.63,347870.59,1.0,0.932
PRJ-0017,WP-003,Foundations,381674.2,410864.73,1.0,0.9892
PRJ-0017,WP-004,Structure,255633.42,245596.36,1.0,1.0
PRJ-0017,WP-005,Masonry,1026012.46,967042.27,1.0,1.0
PRJ-0017,WP-006,Roofing,353437.93,325561.28,1.0,0.9788
PRJ-0017,WP-007,Waterproofing,296898.24,252703.86,1.0,1.0
PRJ-0017,WP-008,Facade,36536.28,31524.07,1.0,1.0
PRJ-0017,WP-009,Electrical,163823.68,152603.98,1.0,1.0
PRJ-0017,WP-010,Plumbing,2598176.21,2231094.18,1.0,0.8775
PRJ-0017,WP-011,HVAC,10443.84,9591.32,1.0,0.9888
PRJ-0017,WP-012,Fire Safety Systems,312691.27,277466.87,1.0,0.9599
PRJ-0017,WP-013,Elevators,313393.13,264542.34,1.0,0.9631
PRJ-0017,WP-014,Interior Finishes,350901.62,330944.24,1.0,0.9668
PRJ-0017,WP-015,Painting,367771.04,307651.02,1.0,0.8957
PRJ-0017,WP-016,Landscaping,569600.27,459363.9,1.0,1.0
PRJ-0017,WP-017,Utilities Connection,404757.22,384810.01,1.0,1.0
PRJ-0017,WP-018,Commissioning,4186.86,3780.69,1.0,1.0
PRJ-0017,WP-019,Final Cleaning,10991.91,9370.14,1.0,1.0
PRJ-0017,WP-020,Demolition,3126.55,3216.44,1.0,1.0
PRJ-0017,WP-021,Site Preparation (2),1095642.38,1142368.15,1.0,0.9741
PRJ-0017,WP-022,Earthworks (2),25429.62,19913.59,1.0,1.0
PRJ-0017,WP-023,Foundations (2),43958.75,37386.6,1.0,1.0
PRJ-0017,WP-024,Structure (2),466836.97,412013.37,1.0,0.9739
PRJ-0017,WP-025,Masonry (2),437524.05,420561.0,1.0,0.9725
PRJ-0017,WP-026,Roofing (2),388515.58,442201.39,1.0,0.9959
PRJ-0017,WP-027,Waterproofing (2),43885.15,39316.08,1.0,0.969
PRJ-0017,WP-028,Facade (2),230269.66,211923.22,1.0,1.0
PRJ-0017,WP-029,Electrical (2),892972.72,764655.88,1.0,0.9401
PRJ-0017,WP-030,Plumbing (2),121474.95,117543.85,1.0,1.0
PRJ-0017,WP-031,HVAC (2),13008.86,11369.93,1.0,1.0
PRJ-0017,WP-032,Fire Safety Systems (2),37811.49,31476.53,1.0,1.0
PRJ-0017,WP-033,Elevators (2),168718.27,157151.24,1.0,1.0
PRJ-0017,WP-034,Interior Finishes (2),154619.07,151080.09,1.0,1.0
PRJ-0017,WP-035,Painting (2),450357.17,397350.08,1.0,1.0
PRJ-0017,WP-036,Landscaping (2),329826.58,280412.37,1.0,0.9322
PRJ-0017,WP-037,Utilities Connection (2),607841.14,601200.69,1.0,1.0
PRJ-0017,WP-038,Commissioning (2),905623.82,805225.63,1.0,1.0
PRJ-0017,WP-039,Final Cleaning (2),858597.72,840864.12,1.0,1.0
PRJ-0017,WP-040,Demolition (2),310849.04,288952.62,1.0,0.986
PRJ-0017,WP-041,Site Preparation (3),33716.88,31106.48,1.0,0.9847
PRJ-0017,WP-042,Earthworks (3),937877.56,825633.66,1.0,0.9803
PRJ-0017,WP-043,Foundations (3),337286.45,342704.9,1.0,0.9866
PRJ-0017,WP-044,Structure (3),56117.83,49505.97,1.0,0.9299
PRJ-0017,WP-045,Masonry (3),240372.7,210194.61,1.0,1.0
PRJ-0017,WP-046,Roofing (3),238721.96,196411.05,1.0,1.0
PRJ-0017,WP-047,Waterproofing (3),97531.95,102379.23,1.0,1.0
PRJ-0017,WP-048,Facade (3),401739.38,342080.7,1.0,0.9652
PRJ-0017,WP-049,Electrical (3),47130.08,43190.62,1.0,1.0
PRJ-0017,WP-050,Plumbing (3),117313.71,94607.33,1.0,0.9872
PRJ-0017,WP-051,HVAC (3),1126709.49,964379.2,1.0,1.0
PRJ-0017,WP-052,Fire Safety Systems (3),583874.81,524604.98,1.0,1.0
PRJ-0017,WP-053,Elevators (3),653710.62,634355.21,1.0,1.0
PRJ-0017,WP-054,Interior Finishes (3),894392.02,813675.01,1.0,0.9247
PRJ-0017,WP-055,Painting (3),100725.46,84244.51,1.0,1.0
PRJ-0017,WP-056,Landscaping (3),116719.91,106134.47,1.0,0.9869
PRJ-0017,WP-057,Utilities Connection (3),38941.81,35497.05,1.0,1.0
PRJ-0017,WP-058,Commissioning (3),626306.03,568719.05,1.0,0.9666
PRJ-0017,WP-059,Final Cleaning (3),686146.16,649969.28,1.0,0.9994
PRJ-0017,WP-060,Demolition (3),7380.84,7219.0,1.0,1.0
PRJ-0017,WP-061,Site Preparation (4),974427.45,942765.22,1.0,0.9523
PRJ-0017,WP-062,Earthworks (4),124547.11,92088.2,1.0,1.0
PRJ-0017,WP-063,Foundations (4),1976351.59,1782839.78,1.0,1.0
PRJ-0017,WP-064,Structure (4),55330.55,46941.95,1.0,0.9962
PRJ-0017,WP-065,Masonry (4),1038130.15,927194.82,1.0,0.9869
PRJ-0017,WP-066,Roofing (4),239797.3,200251.72,1.0,1.0
PRJ-0017,WP-067,Waterproofing (4),384607.0,314741.03,1.0,1.0
PRJ-0017,WP-068,Facade (4),104194.98,82014.22,1.0,0.9962
PRJ-0017,WP-069,Electrical (4),605792.2,480489.95,1.0,0.9768
PRJ-0017,WP-070,Plumbing (4),600539.13,604632.18,1.0,1.0
PRJ-0017,WP-071,HVAC (4),2335172.39,2030839.16,1.0,1.0
PRJ-0017,WP-072,Fire Safety Systems (4),837458.42,783999.85,1.0,0.9577
PRJ-0017,WP-073,Elevators (4),169205.32,163167.22,1.0,1.0
PRJ-0017,WP-074,Interior Finishes (4),55235.61,50907.94,1.0,0.903
PRJ-0017,WP-075,Painting (4),174922.8,141922.15,1.0,0.979
PRJ-0018,WP-001,Site Preparation,471557.31,409713.79,1.0,0.9837
PRJ-0018,WP-002,Earthworks,3247415.18,2662033.36,1.0,1.0
PRJ-0018,WP-003,Foundations,1557646.39,1507703.48,1.0,1.0
PRJ-0018,WP-004,Structure,97564.89,84979.6,1.0,1.0
PRJ-0018,WP-005,Masonry,1101912.83,968316.95,1.0,1.0
PRJ-0018,WP-006,Roofing,19031.3,19211.3,1.0,0.9553
PRJ-0018,WP-007,Waterproofing,387715.7,324090.62,1.0,1.0
PRJ-0018,WP-008,Facade,1745298.24,1496192.98,1.0,0.9654
PRJ-0018,WP-009,Electrical,1604466.87,1397687.98,1.0,0.9553
PRJ-0018,WP-010,Plumbing,1799743.24,1454812.24,1.0,1.0
PRJ-0018,WP-011,HVAC,1985426.3,1625576.7,1.0,0.9923
PRJ-0018,WP-012,Fire Safety Systems,3864722.2,3145970.11,1.0,0.9188
PRJ-0018,WP-013,Elevators,2579663.44,2264712.29,1.0,1.0
PRJ-0018,WP-014,Interior Finishes,273787.22,245407.63,1.0,1.0
PRJ-0018,WP-015,Painting,2937174.14,2522231.22,1.0,1.0
PRJ-0018,WP-016,Landscaping,502125.07,423079.87,1.0,1.0
PRJ-0018,WP-017,Utilities Connection,1033305.68,855762.51,1.0,0.9323
PRJ-0018,WP-018,Commissioning,619750.93,575485.77,1.0,0.9307
PRJ-0018,WP-019,Final Cleaning,2947191.31,2495507.33,1.0,1.0
PRJ-0018,WP-020,Demolition,1719147.58,1377594.61,1.0,1.0
PRJ-0018,WP-021,Site Preparation (2),668597.26,615325.69,1.0,1.0
PRJ-0018,WP-022,Earthworks (2),67278.24,68159.06,1.0,0.9796
PRJ-0018,WP-023,Foundations (2),1918133.11,2020485.9,1.0,1.0
PRJ-0018,WP-024,Structure (2),333747.83,299388.02,1.0,0.9934
PRJ-0018,WP-025,Masonry (2),2277700.76,2143548.95,1.0,0.9666
PRJ-0018,WP-026,Roofing (2),4739500.03,3974356.79,1.0,0.9282
PRJ-0018,WP-027,Waterproofing (2),3129438.0,2657548.48,1.0,0.9594
PRJ-0018,WP-028,Facade (2),1384294.34,1380662.51,1.0,1.0
PRJ-0018,WP-029,Electrical (2),389407.94,313168.57,1.0,0.973
PRJ-0018,WP-030,Plumbing (2),772416.14,706584.56,1.0,0.9875
PRJ-0018,WP-031,HVAC (2),3520541.62,3283151.75,1.0,0.9683
PRJ-0018,WP-032,Fire Safety Systems (2),1262803.55,1076452.8,1.0,1.0
PRJ-0018,WP-033,Elevators (2),387959.13,349911.84,1.0,1.0
PRJ-0018,WP-034,Interior Finishes (2),465122.01,399129.17,1.0,0.9164
PRJ-0018,WP-035,Painting (2),1280522.22,1128058.54,1.0,0.9925
PRJ-0018,WP-036,Landscaping (2),2004189.82,1597888.68,1.0,1.0
PRJ-0018,WP-037,Utilities Connection (2),205402.27,175970.4,1.0,1.0
PRJ-0018,WP-038,Commissioning (2),1962458.76,1743784.83,1.0,1.0
PRJ-0018,WP-039,Final Cleaning (2),2035969.43,1777925.42,1.0,1.0
PRJ-0018,WP-040,Demolition (2),676961.94,549008.16,1.0,1.0
PRJ-0018,WP-041,Site Preparation (3),1758930.96,1631988.86,1.0,0.979
PRJ-0018,WP-042,Earthworks (3),752951.42,628879.14,1.0,1.0
PRJ-0018,WP-043,Foundations (3),484166.6,421094.29,1.0,0.9844
PRJ-0019,WP-001,Site Preparation,30757.7,40277.47,0.8716,1.0
PRJ-0019,WP-002,Earthworks,74159.85,100126.77,0.8716,1.0
PRJ-0019,WP-003,Foundations,232455.64,369876.95,0.8716,0.9498
PRJ-0019,WP-004,Structure,249890.86,364134.95,0.8716,0.9963
PRJ-0019,WP-005,Masonry,162949.92,221548.59,0.8716,0.963
PRJ-0019,WP-006,Roofing,162732.12,249387.97,0.8716,0.9672
PRJ-0019,WP-007,Waterproofing,519068.31,872308.65,0.8716,0.9856
PRJ-0019,WP-008,Facade,352432.14,484693.83,0.8716,1.0
PRJ-0019,WP-009,Electrical,288635.18,387354.13,0.8716,1.0
PRJ-0019,WP-010,Plumbing,927081.51,1163526.93,0.8716,1.0
PRJ-0019,WP-011,HVAC,425623.11,559315.16,0.8716,1.0
PRJ-0019,WP-012,Fire Safety Systems,143506.2,200950.64,0.8716,1.0
PRJ-0019,WP-013,Elevators,129073.59,145760.17,0.8716,0.9965
PRJ-0019,WP-014,Interior Finishes,310605.62,496773.04,0.8716,1.0
PRJ-0019,WP-015,Painting,737020.89,919193.64,0.8716,1.0
PRJ-0019,WP-016,Landscaping,46907.48,80662.45,0.8716,1.0
PRJ-0019,WP-017,Utilities Connection,139297.2,185682.99,0.8716,0.9845
PRJ-0019,WP-018,Commissioning,2998.62,3626.6,0.8716,0.8988
PRJ-0019,WP-019,Final Cleaning,168742.31,227800.92,0.8716,0.973
PRJ-0019,WP-020,Demolition,90872.38,106762.05,0.8716,1.0
PRJ-0019,WP-021,Site Preparation (2),47962.3,72382.45,0.8716,1.0
PRJ-0019,WP-022,Earthworks (2),16934.86,31649.62,0.8716,1.0
PRJ-0019,WP-023,Foundations (2),370765.01,587832.5,0.8716,0.9769
PRJ-0019,WP-024,Structure (2),162310.23,227790.55,0.8716,1.0
PRJ-0019,WP-025,Masonry (2),342482.23,377154.56,0.8716,0.911
PRJ-0019,WP-026,Roofing (2),47638.39,62069.56,0.8716,1.0
PRJ-0019,WP-027,Waterproofing (2),46832.58,68272.91,0.8716,0.9683
PRJ-0019,WP-028,Facade (2),2121.6,2826.27,0.8716,1.0
PRJ-0019,WP-029,Electrical (2),76453.2,97466.66,0.8716,0.9821
PRJ-0019,WP-030,Plumbing (2),471446.7,706189.03,0.8716,1.0
PRJ-0019,WP-031,HVAC (2),50177.85,74911.31,0.8716,0.9042
PRJ-0019,WP-032,Fire Safety Systems (2),65870.62,107015.5,0.8716,0.9712
PRJ-0019,WP-033,Elevators (2),14750.73,17329.41,0.8716,0.9406
PRJ-0019,WP-034,Interior Finishes (2),609291.99,713833.48,0.8716,1.0
PRJ-0019,WP-035,Painting (2),46477.17,61984.91,0.8716,0.8725
PRJ-0019,WP-036,Landscaping (2),112206.14,176128.16,0.8716,0.9683
PRJ-0019,WP-037,Utilities Connection (2),203640.25,234001.51,0.8716,0.9715
PRJ-0019,WP-038,Commissioning (2),37872.45,56529.32,0.8716,1.0
PRJ-0019,WP-039,Final Cleaning (2),712247.49,1150579.53,0.8716,0.9988
PRJ-0019,WP-040,Demolition (2),31110.57,46578.9,0.8716,1.0
PRJ-0019,WP-041,Site Preparation (3),21336.34,32407.05,0.8716,1.0
PRJ-0019,WP-042,Earthworks (3),64973.91,101429.44,0.8716,1.0
PRJ-0019,WP-043,Foundations (3),39045.0,50588.16,0.8716,1.0
PRJ-0019,WP-044,Structure (3),21369.56,28947.11,0.8716,1.0
PRJ-0019,WP-045,Masonry (3),98553.62,128797.08,0.8716,0.9914
PRJ-0019,WP-046,Roofing (3),192048.17,283323.3,0.8716,0.9917
PRJ-0019,WP-047,Waterproofing (3),51451.9,71705.1,0.8716,0.9901
PRJ-0019,WP-048,Facade (3),105761.35,143329.1,0.8716,0.9295
PRJ-0019,WP-049,Electrical (3),425124.07,654450.4,0.8716,1.0
PRJ-0019,WP-050,Plumbing (3),150880.3,273451.63,0.8716,1.0
PRJ-0019,WP-051,HVAC (3),56454.45,82165.51,0.8716,1.0
PRJ-0019,WP-052,Fire Safety Systems (3),122925.22,148121.77,0.8716,0.9836
PRJ-0019,WP-053,Elevators (3),20409.85,28589.29,0.8716,1.0
PRJ-0019,WP-054,Interior Finishes (3),398174.6,477625.45,0.8716,1.0
PRJ-0019,WP-055,Painting (3),95836.91,116401.43,0.8716,0.9456
PRJ-0019,WP-056,Landscaping (3),30304.23,40501.79,0.8716,0.9615
PRJ-0019,WP-057,Utilities Connection (3),113751.36,176979.53,0.8716,1.0
PRJ-0019,WP-058,Commissioning (3),142464.41,203902.66,0.8716,0.9917
PRJ-0019,WP-059,Final Cleaning (3),211805.11,306168.36,0.8716,0.9373
PRJ-0019,WP-060,Demolition (3),71590.33,82521.15,0.8716,1.0
PRJ-0019,WP-061,Site Preparation (4),71604.02,116161.04,0.8716,1.0
PRJ-0019,WP-062,Earthworks (4),143378.32,167987.3,0.8716,1.0
PRJ-0019,WP-063,Foundations (4),19200.05,27814.15,0.8716,0.9753
PRJ-0019,WP-064,Structure (4),443306.58,676566.68,0.8716,0.9629
PRJ-0019,WP-065,Masonry (4),71028.46,104619.03,0.8716,0.9266
PRJ-0019,WP-066,Roofing (4),18741.45,26916.65,0.8716,1.0
PRJ-0019,WP-067,Waterproofing (4),393475.82,563173.53,0.8716,1.0
PRJ-0019,WP-068,Facade (4),370305.95,429813.45,0.8716,1.0
PRJ-0019,WP-069,Electrical (4),1278359.58,1759949.36,0.8716,1.0
PRJ-0019,WP-070,Plumbing (4),377028.95,524770.81,0.8716,0.9756
PRJ-0020,WP-001,Site Preparation,77505.03,96322.68,1.0,1.0
PRJ-0020,WP-002,Earthworks,13811.73,14458.88,1.0,0.9548
PRJ-0020,WP-003,Foundations,298672.44,375789.03,1.0,0.964
PRJ-0020,WP-004,Structure,80919.2,96170.37,1.0,0.9392
PRJ-0020,WP-005,Masonry,22848.17,28531.12,1.0,0.9885
PRJ-0020,WP-006,Roofing,9281.89,9549.84,1.0,0.9644
PRJ-0020,WP-007,Waterproofing,150573.05,158673.1,1.0,0.9836
PRJ-0020,WP-008,Facade,328745.58,341608.51,1.0,0.9607
PRJ-0020,WP-009,Electrical,331200.54,353907.24,1.0,1.0
PRJ-0020,WP-010,Plumbing,171014.16,167276.17,1.0,1.0
PRJ-0020,WP-011,HVAC,826136.29,884664.62,1.0,0.9265
PRJ-0020,WP-012,Fire Safety Systems,180969.72,207691.09,1.0,0.96
PRJ-0020,WP-013,Elevators,34738.65,40985.48,1.0,1.0
PRJ-0020,WP-014,Interior Finishes,428860.87,459842.12,1.0,1.0
PRJ-0020,WP-015,Painting,111270.54,109704.38,1.0,1.0
PRJ-0020,WP-016,Landscaping,238856.0,293027.18,1.0,1.0
PRJ-0020,WP-017,Utilities Connection,439234.73,457483.35,1.0,1.0
PRJ-0020,WP-018,Commissioning,162594.45,180454.92,1.0,0.9928
PRJ-0020,WP-019,Final Cleaning,42082.9,42096.69,1.0,1.0
PRJ-0020,WP-020,Demolition,63330.55,80625.74,1.0,0.9094
PRJ-0020,WP-021,Site Preparation (2),69839.43,65847.57,1.0,0.9143
PRJ-0020,WP-022,Earthworks (2),5125.05,5694.6,1.0,1.0
PRJ-0020,WP-023,Foundations (2),175670.44,227495.78,1.0,0.9459
PRJ-0020,WP-024,Structure (2),53063.67,65219.12,1.0,1.0
PRJ-0020,WP-025,Masonry (2),191847.13,178493.5,1.0,0.9633
PRJ-0020,WP-026,Roofing (2),433713.5,451916.46,1.0,1.0
PRJ-0020,WP-027,Waterproofing (2),118263.33,132746.33,1.0,0.9187
PRJ-0020,WP-028,Facade (2),500.0,455.39,1.0,0.9092
PRJ-0020,WP-029,Electrical (2),182908.12,196605.83,1.0,0.9676
PRJ-0020,WP-030,Plumbing (2),42049.13,42302.71,1.0,1.0
PRJ-0020,WP-031,HVAC (2),9947.63,11912.54,1.0,0.9605
PRJ-0020,WP-032,Fire Safety Systems (2),107321.2,135961.74,1.0,1.0
PRJ-0020,WP-033,Elevators (2),42225.22,43520.8,1.0,0.9779
PRJ-0020,WP-034,Interior Finishes (2),96520.59,107991.89,1.0,1.0
PRJ-0020,WP-035,Painting (2),340811.95,344860.73,1.0,1.0
PRJ-0020,WP-036,Landscaping (2),125907.22,171536.4,1.0,1.0
PRJ-0020,WP-037,Utilities Connection (2),158521.29,169819.29,1.0,0.9374
PRJ-0020,WP-038,Commissioning (2),68503.68,82549.59,1.0,0.9891
PRJ-0020,WP-039,Final Cleaning (2),298419.35,370246.87,1.0,0.9601
PRJ-0020,WP-040,Demolition (2),264291.69,301553.71,1.0,1.0
PRJ-0020,WP-041,Site Preparation (3),58538.83,68321.34,1.0,0.9776
PRJ-0020,WP-042,Earthworks (3),718043.87,721429.19,1.0,0.9118
PRJ-0020,WP-043,Foundations (3),100376.4,107752.77,1.0,1.0
PRJ-0020,WP-044,Structure (3),39342.41,41557.12,1.0,0.9749
PRJ-0020,WP-045,Masonry (3),108177.91,130622.58,1.0,1.0
PRJ-0020,WP-046,Roofing (3),46293.66,54795.71,1.0,0.9441
PRJ-0020,WP-047,Waterproofing (3),148597.44,162405.7,1.0,0.963
PRJ-0020,WP-048,Facade (3),74438.3,74630.48,1.0,0.9867
PRJ-0020,WP-049,Electrical (3),92077.17,91364.66,1.0,1.0
PRJ-0020,WP-050,Plumbing (3),181656.01,205888.27,1.0,1.0
PRJ-0020,WP-051,HVAC (3),472307.69,548370.08,1.0,0.984
PRJ-0020,WP-052,Fire Safety Systems (3),158994.34,166365.43,1.0,1.0
PRJ-0020,WP-053,Elevators (3),392491.95,456669.69,1.0,0.9232
PRJ-0020,WP-054,Interior Finishes (3),224986.7,246731.34,1.0,0.9636
PRJ-0020,WP-055,Painting (3),66375.96,72484.02,1.0,0.979
PRJ-0020,WP-056,Landscaping (3),198798.35,232253.21,1.0,0.9866
PRJ-0020,WP-057,Utilities Connection (3),33585.84,37009.73,1.0,1.0
PRJ-0020,WP-058,Commissioning (3),121553.65,128327.31,1.0,1.0
PRJ-0020,WP-059,Final Cleaning (3),23263.82,25158.9,1.0,0.9664
PRJ-0020,WP-060,Demolition (3),49655.74,55169.55,1.0,1.0
PRJ-0020,WP-061,Site Preparation (4),89387.83,89960.45,1.0,1.0
PRJ-0020,WP-062,Earthworks (4),1442763.22,1734089.76,1.0,1.0
PRJ-0020,WP-063,Foundations (4),170707.62,187656.99,1.0,0.9537
PRJ-0020,WP-064,Structure (4),629616.86,701868.29,1.0,1.0
PRJ-0020,WP-065,Masonry (4),282501.59,297388.03,1.0,0.9394
PRJ-0020,WP-066,Roofing (4),372598.56,456058.56,1.0,0.9384
